player_id,player_name,BPI,BPI_adj,BPI_scaled
672779,"Marcano, Tucupita",2.705604493758549,2.705604493758549,173.81963214623374
666018,"Aranda, Jonathan",2.655915931392796,2.655915931392796,172.4658837922197
691016,"Soderstrom, Tyler",2.5551366742046935,2.5551366742046935,169.72018645179546
693304,"Gonzales, Nick",2.3644382998879148,2.3644382998879148,164.5246726745157
553882,"Narváez, Omar",2.090726685733649,2.090726685733649,157.06749079011385
518626,"Donaldson, Josh",1.737287500077205,1.737287500077205,147.4381577394911
671732,"Butler, Lawrence",1.6896969785487825,1.6896969785487825,146.14156981023
668731,"Baddoo, Akil",1.6292136941191253,1.6292136941191253,144.49372284417558
686668,"Doyle, Brenton",1.5149873287930558,1.5149873287930558,141.38166351537214
596847,"Choi, Ji Man",1.4063250964652305,1.4063250964652305,138.42119713933803
645801,"Ford, Mike",1.3876270474132808,1.3876270474132808,137.91177501234978
541645,"García, Avisaíl",1.2893555715487162,1.2893555715487162,135.2344013399354
543228,"Gomes, Yan",1.2552032812007143,1.2552032812007143,134.30393354929788
665839,"Valdez, Enmanuel",1.2280142958403324,1.2280142958403324,133.56317868688114
669911,"Toglia, Michael",1.2046467963760858,1.2046467963760858,132.9265389365842
665487,"Tatis Jr., Fernando",1.1770334617967302,1.1770334617967302,132.17422282084553
668800,"Knizner, Andrew",1.1418534167544458,1.1418534167544458,131.2157541954188
682829,"De La Cruz, Elly",1.1357107946961882,1.1357107946961882,131.04840050062913
663845,"Rivas III, Alfonso",1.114719904173701,1.114719904173701,130.47651067043168
676480,"Barrero, José",1.09680333607007,1.09680333607007,129.98837973194054
543063,"Crawford, Brandon",1.0862019416038498,1.0862019416038498,129.69954826599354
671221,"Waters, Drew",1.0730417083673758,1.0730417083673758,129.34100208888384
677951,"Witt Jr., Bobby",1.0455913385269187,1.0455913385269187,128.59312589325037
677551,"Franco, Wander",1.0129025445791116,1.0129025445791116,127.70253057524116
669127,"Langeliers, Shea",0.9949093303081403,0.9949093303081403,127.21231143741522
621512,"Nido, Tomás",0.9849128457373758,0.9849128457373758,126.93996054036198
677950,"Thomas, Alek",0.9743245337720342,0.9743245337720342,126.65148550279986
666176,"Adell, Jo",0.939011043808155,0.939011043808155,125.68938121487136
663630,"McKenna, Ryan",0.9224397219400331,0.9224397219400331,125.2379010626046
682928,"Abrams, CJ",0.9214824526225254,0.9214824526225254,125.21182057846048
681481,"Carpenter, Kerry",0.911065986954538,0.911065986954538,124.92802743610946
606466,"Marte, Ketel",0.9089583367291603,0.9089583367291603,124.87060520677547
624424,"Conforto, Michael",0.9047112935445684,0.9047112935445684,124.75489592788253
665742,"Soto, Juan",0.8648872620697375,0.8648872620697375,123.66990343680548
669477,"Schmitt, Casey",0.8547759936701526,0.8547759936701526,123.39442529251595
660271,"Ohtani, Shohei",0.8530944611956468,0.8530944611956468,123.3486124995672
672515,"Moreno, Gabriel",0.8353466811465864,0.8353466811465864,122.86508013547976
643565,"Tauchman, Mike",0.8284749826273252,0.8284749826273252,122.67786299501883
645444,"Herrera, Jose",0.8032165561718564,0.8032165561718564,121.98970556781495
542303,"Ozuna, Marcell",0.8015406884817011,0.8015406884817011,121.94404711003159
682998,"Carroll, Corbin",0.7798837206280107,0.7798837206280107,121.35401022449925
663757,"Grisham, Trent",0.7779111239257895,0.7779111239257895,121.30026748348153
545341,"Grichuk, Randal",0.7559647675330119,0.7559647675330119,120.7023463034595
680118,"Blanco, Dairon",0.7558280936957806,0.7558280936957806,120.69862267022523
650489,"Castro, Willi",0.7555039796003683,0.7555039796003683,120.68979228950407
596059,"Odor, Rougned",0.7470455276066834,0.7470455276066834,120.4593445784258
686823,"Brennan, Will",0.7346358415600035,0.7346358415600035,120.12124680985154
665833,"Cruz, Oneil",0.7339677569106513,0.7339677569106513,120.10304506580135
596019,"Lindor, Francisco",0.7262361816330074,0.7262361816330074,119.8924008690745
643393,"Kemp, Tony",0.7187898752620799,0.7187898752620799,119.68952872882367
672275,"Bailey, Patrick",0.7132137806379754,0.7132137806379754,119.5376098855365
678662,"Tovar, Ezequiel",0.7095964535110427,0.7095964535110427,119.43905701117541
666139,"Lowe, Josh",0.705379953142568,0.705379953142568,119.32417986114828
624641,"Sosa, Edmundo",0.6951958879857647,0.6951958879857647,119.04671839342234
642336,"Mejía, Francisco",0.6877014513714489,0.6877014513714489,118.8425349606997
663886,"Stephenson, Tyler",0.6698984854189227,0.6698984854189227,118.35749907502851
570731,"Schoop, Jonathan",0.664449774252812,0.664449774252812,118.2090507516835
676059,"Westburg, Jordan",0.6599410160512067,0.6599410160512067,118.0862111342049
668901,"Vientos, Mark",0.6582866232258409,0.6582866232258409,118.04113775196966
669707,"Triolo, Jared",0.6572568708566735,0.6572568708566735,118.01308249119272
669397,"Allen, Nick",0.6477007971655953,0.6477007971655953,117.752730442065
664059,"Haggerty, Sam",0.6474668332289805,0.6474668332289805,117.7463561724341
682985,"Greene, Riley",0.6438148269849218,0.6438148269849218,117.64685847706204
669016,"Marsh, Brandon",0.6375523999474014,0.6375523999474014,117.47624073546243
656976,"Smith, Pavin",0.6277727989094435,0.6277727989094435,117.20979875811969
663853,"Gonzalez, Romy",0.6241134755584644,0.6241134755584644,117.11010171060343
641933,"O'Neill, Tyler",0.6229675086208698,0.6229675086208698,117.07888022256552
664056,"Bader, Harrison",0.6097162230548278,0.6097162230548278,116.71785335502298
667670,"Rooker, Brent",0.5952414635806856,0.5952414635806856,116.32349334781185
660821,"Sánchez, Jesús",0.5939723304035043,0.5939723304035043,116.28891623654454
663697,"India, Jonathan",0.5819733278113006,0.5819733278113006,115.96200740208404
664023,"Happ, Ian",0.5730661499718958,0.5730661499718958,115.7193343045964
673548,"Suzuki, Seiya",0.5622939842574243,0.5622939842574243,115.42585023279352
595777,"Profar, Jurickson",0.5539301289378904,0.5539301289378904,115.19797977663731
656541,"Hilliard, Sam",0.5497855572309308,0.5497855572309308,115.08506229906793
665489,"Guerrero Jr., Vladimir",0.5472885874763119,0.5472885874763119,115.01703318865704
519058,"Moustakas, Mike",0.5426534895678133,0.5426534895678133,114.89075148788784
671289,"Freeman, Tyler",0.5402737214926031,0.5402737214926031,114.82591549824826
668930,"Turang, Brice",0.5244644523209456,0.5244644523209456,114.39519721821915
691026,"Winn, Masyn",0.5225365786304053,0.5225365786304053,114.34267294077871
663656,"Tucker, Kyle",0.5109850007939997,0.5109850007939997,114.02795404496543
592696,"Rosario, Eddie",0.5109071886977071,0.5109071886977071,114.02583408028416
655316,"Monasterio, Andruw",0.48249044412876135,0.48249044412876135,113.25162932661308
676694,"Meyers, Jake",0.4790363203752923,0.4790363203752923,113.15752287387653
672695,"Perdomo, Geraldo",0.4787329481587265,0.4787329481587265,113.14925759874528
663611,"Madrigal, Nick",0.47416298892962583,0.47416298892962583,113.02475057962954
668715,"Steer, Spencer",0.4645349182922256,0.4645349182922256,112.76243699764724
642350,"Siri, Jose",0.45966737442698963,0.45966737442698963,112.62982238410399
645302,"Robles, Victor",0.45582483535719304,0.45582483535719304,112.5251336852706
666160,"Moniak, Mickey",0.4557633173951043,0.4557633173951043,112.5234576488559
672284,"Kelenic, Jarred",0.4446230388797302,0.4446230388797302,112.21994446623582
661388,"Contreras, William",0.4359086449838295,0.4359086449838295,111.98252370316426
682641,"Matos, Luis",0.43541540832681225,0.43541540832681225,111.9690856345065
578428,"Iglesias, Jose",0.4271924210494534,0.4271924210494534,111.74505308130315
671277,"García Jr., Luis",0.41996309699479656,0.41996309699479656,111.54809255208545
680776,"Duran, Jarren",0.41782843050713064,0.41782843050713064,111.4899342736717
680757,"Kwan, Steven",0.39261714085987665,0.39261714085987665,110.80306107312877
663368,"Perkins, Blake",0.39045554466220667,0.39045554466220667,110.74416910372344
672820,"Sosa, Lenyn",0.38162771909654236,0.38162771909654236,110.50365793253935
474832,"Belt, Brandon",0.38160261660173245,0.38160261660173245,110.50297402341796
663616,"Larnach, Trevor",0.3765979603414921,0.3765979603414921,110.36662382827977
607043,"Nimmo, Brandon",0.37305329832467143,0.37305329832467143,110.27005069067347
607732,"Stallings, Jacob",0.3615224195170667,0.3615224195170667,109.95589573301487
642086,"Smith, Dominic",0.3603917531924816,0.3603917531924816,109.92509110508904
663527,"Nevin, Tyler",0.3452070390987152,0.3452070390987152,109.51138862041465
807799,"Yoshida, Masataka",0.3446042043172648,0.3446042043172648,109.49496458731176
641487,"Crawford, J.P.",0.33973676093704364,0.33973676093704364,109.36235271144929
664774,"Wade Jr., LaMonte",0.3372514583041913,0.3372514583041913,109.29464146789016
681584,"Villar, David",0.32419310693813547,0.32419310693813547,108.93887102845159
669743,"Call, Alex",0.3204370076640547,0.3204370076640547,108.83653735310048
663698,"Bart, Joey",0.31640322402112514,0.31640322402112514,108.72663825948476
656716,"McKinstry, Zach",0.3105466723601792,0.3105466723601792,108.56707845751575
516782,"Marte, Starling",0.3072375569854481,0.3072375569854481,108.47692270982456
620443,"Torrens, Luis",0.3061064525397385,0.3061064525397385,108.44610614543443
608070,"Ramírez, José",0.30581664142226167,0.30581664142226167,108.4382103379371
446334,"Longoria, Evan",0.30367499948725357,0.30367499948725357,108.37986201578072
608369,"Seager, Corey",0.29686786715903674,0.29686786715903674,108.19440395971849
571771,"Hernández, Enrique",0.2896547897284785,0.2896547897284785,107.99788606437032
694384,"Schanuel, Nolan",0.2895549649551303,0.2895549649551303,107.99516637162462
680700,"Palacios, Richie",0.28516980305847595,0.28516980305847595,107.87569409436324
673962,"Jung, Josh",0.2809968670335697,0.2809968670335697,107.76200384038607
642851,"Wynns, Austin",0.279844279773182,0.279844279773182,107.73060198385575
665506,"Pache, Cristian",0.27662883554662815,0.27662883554662815,107.64299827543931
671739,"Harris II, Michael",0.2745629899468001,0.2745629899468001,107.58671499922318
596129,"Vogelbach, Daniel",0.27427076144001344,0.27427076144001344,107.57875333075818
680977,"Donovan, Brendan",0.2719456005920456,0.2719456005920456,107.51540509686112
664034,"France, Ty",0.2670552592834822,0.2670552592834822,107.38216937455739
571657,"Farmer, Kyle",0.26558689682833164,0.26558689682833164,107.34216432788037
518735,"Grandal, Yasmani",0.2635182478918981,0.2635182478918981,107.28580467569088
641511,"Delay, Jason",0.2583779906542784,0.2583779906542784,107.14576007702823
572191,"Taylor, Michael A.",0.25555472190747974,0.25555472190747974,107.06884105911048
622761,"Mateo, Jorge",0.25221969486578033,0.25221969486578033,106.9779793566716
665019,"Clemens, Kody",0.24632895934915658,0.24632895934915658,106.81748822692505
621466,"Stewart, DJ",0.24187453794734917,0.24187453794734917,106.69612899748319
609280,"Andujar, Miguel",0.2417850573803301,0.2417850573803301,106.6936911291982
665750,"Taveras, Leody",0.24120860235083647,0.24120860235083647,106.67798580366279
676391,"Clement, Ernie",0.23925685825057913,0.23925685825057913,106.62481118484949
408234,"Cabrera, Miguel",0.2356035438712961,0.2356035438712961,106.52527784976836
689172,"Wisely, Brett",0.2329805185541117,0.2329805185541117,106.45381439748456
669701,"Smith, Josh",0.23014709279816145,0.23014709279816145,106.37661865523096
675656,"Smith, Kevin",0.22835967683369052,0.22835967683369052,106.32792110181757
664040,"Lowe, Brandon",0.22731029633836505,0.22731029633836505,106.29933107927225
571466,"Barnhart, Tucker",0.22573947591617405,0.22573947591617405,106.25653459936326
683002,"Henderson, Gunnar",0.22461293581144473,0.22461293581144473,106.22584238892492
657656,"Laureano, Ramón",0.21634565041314202,0.21634565041314202,106.00060294815111
595879,"Báez, Javier",0.2112703032031613,0.2112703032031613,105.8623268016008
592885,"Yelich, Christian",0.21005348181457095,0.21005348181457095,105.82917490761345
518792,"Heyward, Jason",0.2098965954084125,0.2098965954084125,105.82490058966195
657041,"Thomas, Lane",0.20981866529728024,0.20981866529728024,105.82277740970564
681146,"Bride, Jonah",0.2081337756845709,0.2081337756845709,105.77687315264319
664761,"Bohm, Alec",0.19582395545192388,0.19582395545192388,105.44149619495442
642180,"Wade, Tyler",0.19417215822687897,0.19417215822687897,105.39649352898655
575929,"Contreras, Willson",0.19359680497707968,0.19359680497707968,105.38081822107245
641658,"Hampson, Garrett",0.19271063197912508,0.19271063197912508,105.35667473250616
592450,"Judge, Aaron",0.19121792512064362,0.19121792512064362,105.31600643065794
666135,"Kirilloff, Alex",0.1865750344121317,0.1865750344121317,105.18951241764445
680911,"Miller, Owen",0.18584874441886232,0.18584874441886232,105.16972488835978
663586,"Riley, Austin",0.18290122459790512,0.18290122459790512,105.08942069125557
673490,"Kim, Ha-Seong",0.18131157005236045,0.18131157005236045,105.0461110819205
624585,"Soler, Jorge",0.1808622275656178,0.1808622275656178,105.03386889533158
621550,"Wisdom, Patrick",0.17429949693351673,0.17429949693351673,104.855069482186
519317,"Stanton, Giancarlo",0.16851922248077203,0.16851922248077203,104.69758782738276
660707,"Montero, Elehuris",0.16307573039891246,0.16307573039891246,104.54928169625218
521692,"Perez, Salvador",0.1609546223515073,0.1609546223515073,104.49149281303346
666158,"Lux, Gavin",0.1571191314987944,0.1571191314987944,104.38699614053012
645277,"Albies, Ozzie",0.1444901596202093,0.1444901596202093,104.04292400240547
660670,"Acuña Jr., Ronald",0.14415382619376796,0.14415382619376796,104.03376071007486
643396,"Kiner-Falefa, Isiah",0.1430093985496013,0.1430093985496013,104.00258115957439
666624,"Morel, Christopher",0.14098269939706706,0.14098269939706706,103.9473644152937
668227,"Arozarena, Randy",0.12621646611289297,0.12621646611289297,103.54506330107962
677649,"Duran, Ezequiel",0.1247500229338771,0.1247500229338771,103.5051105444425
572233,"Walker, Christian",0.1225152774559155,0.1225152774559155,103.44422564722687
622534,"Margot, Manuel",0.12187840343909219,0.12187840343909219,103.42687422647852
545361,"Trout, Mike",0.12022634447839006,0.12022634447839006,103.38186442960973
669394,"Burger, Jake",0.1154591707823974,0.1154591707823974,103.25198436794192
630105,"Cronenworth, Jake",0.11259768354070002,0.11259768354070002,103.17402409984308
668709,"Bleday, JJ",0.10912366122399197,0.10912366122399197,103.07937551736984
624431,"Trevino, Jose",0.10738124603229948,0.10738124603229948,103.03190399504243
453568,"Blackmon, Charlie",0.10327247312332348,0.10327247312332348,102.91996184381655
663728,"Raleigh, Cal",0.08952327623289043,0.08952327623289043,102.54536954785857
518595,"d'Arnaud, Travis",0.08911198705727569,0.08911198705727569,102.53416411107386
683734,"Vaughn, Andrew",0.08149955138719489,0.08149955138719489,102.3267658333263
686681,"Massey, Michael",0.07897629035765083,0.07897629035765083,102.2580204258752
656811,"O'Hearn, Ryan",0.0778237426985065,0.0778237426985065,102.22661964826759
669720,"Hays, Austin",0.07681190596321612,0.07681190596321612,102.19905249297643
605170,"Caratini, Victor",0.07328238532559021,0.07328238532559021,102.1028918772099
621493,"Ward, Taylor",0.07326640510224515,0.07326640510224515,102.10245650134028
646240,"Devers, Rafael",0.0717687052060104,0.0717687052060104,102.06165216583928
657557,"DeJong, Paul",0.07120328695273834,0.07120328695273834,102.04624753360093
621563,"Wendle, Joey",0.0691068905502929,0.0691068905502929,101.98913191092943
656896,"Rivera, Emmanuel",0.06726233906976993,0.06726233906976993,101.93887771938589
642715,"Adames, Willy",0.06552891420613112,0.06552891420613112,101.89165113555589
500743,"Rojas, Miguel",0.06380108212291905,0.06380108212291905,101.84457692516833
623993,"Santander, Anthony",0.0563694699337208,0.0563694699337208,101.64210512301106
592206,"Castellanos, Nick",0.054782724088757166,0.054782724088757166,101.59887476025581
543877,"Vázquez, Christian",0.05395450117939731,0.05395450117939731,101.57631010257766
679032,"Rojas, Johan",0.04962179151128263,0.04962179151128263,101.45826686883593
665161,"Peña, Jeremy",0.04596066404478529,0.04596066404478529,101.35852066879248
656180,"Adams, Riley",0.03510101623068024,0.03510101623068024,101.06265317628379
502110,"Martinez, J.D.",0.03135518049363129,0.03135518049363129,100.96059912758521
669257,"Smith, Will",0.029019451651085562,0.029019451651085562,100.89696297219105
608348,"Kelly, Carson",0.022809831858992647,0.022809831858992647,100.72778394642812
592518,"Machado, Manny",0.020960825978913675,0.020960825978913675,100.67740839625031
641598,"Garver, Mitch",0.02088817382948908,0.02088817382948908,100.67542901260514
592192,"Canha, Mark",0.014637277128705254,0.014637277128705254,100.50512541119463
676369,"Velázquez, Nelson",0.014284838254197732,0.014284838254197732,100.49552333128854
621566,"Olson, Matt",0.011213161079184663,0.011213161079184663,100.41183650837085
668942,"Rojas, Josh",0.009634698958066765,0.009634698958066765,100.36883183291643
669304,"Miranda, Jose",0.004279467635431717,0.004279467635431717,100.22293033681319
605141,"Betts, Mookie",0.003925625066525393,0.003925625066525393,100.21329001372011
493329,"Gurriel, Yuli",0.0029915409067963568,0.0029915409067963568,100.18784120148771
677870,"Jiménez, Leo",0.0,0.0,100.10633766454231
672724,"Peraza, Oswald",0.0,0.0,100.10633766454231
693049,"Colás, Oscar",0.0,0.0,100.10633766454231
691718,"Crow-Armstrong, Pete",0.0,0.0,100.10633766454231
663897,"Williams, Luke",0.0,0.0,100.10633766454231
672640,"Lopez, Otto",0.0,0.0,100.10633766454231
691406,"Caminero, Junior",0.0,0.0,100.10633766454231
677800,"Abreu, Wilyer",0.0,0.0,100.10633766454231
690993,"Keith, Colt",0.0,0.0,100.10633766454231
672478,"Diaz, Jordan",0.0,0.0,100.10633766454231
687799,"Marlowe, Cade",0.0,0.0,100.10633766454231
672279,"Siani, Michael",0.0,0.0,100.10633766454231
694192,"Chourio, Jackson",0.0,0.0,100.10633766454231
687597,"Beck, Jordan",0.0,0.0,100.10633766454231
664058,"Fletcher, David",0.0,0.0,100.10633766454231
677942,"Alexander, Blaze",0.0,0.0,100.10633766454231
657709,"Papierski, Michael",0.0,0.0,100.10633766454231
687529,"McCray, Grant",0.0,0.0,100.10633766454231
664247,"Garlick, Kyle",0.0,0.0,100.10633766454231
664314,"Florial, Estevan",0.0,0.0,100.10633766454231
664670,"Lopez, Alejo",0.0,0.0,100.10633766454231
687462,"Horwitz, Spencer",0.0,0.0,100.10633766454231
664731,"Higgins, P.J.",0.0,0.0,100.10633766454231
678225,"Bae, Ji Hwan",0.0,0.0,100.10633766454231
671218,"Ramos, Heliot",0.0,0.0,100.10633766454231
672761,"Pérez, Wenceel",0.0,0.0,100.10633766454231
694388,"Loperfido, Joey",0.0,0.0,100.10633766454231
694359,"Kavadas, Niko",0.0,0.0,100.10633766454231
701538,"Merrill, Jackson",0.0,0.0,100.10633766454231
676632,"Madris, Bligh",0.0,0.0,100.10633766454231
805779,"Wilson, Jacob",0.0,0.0,100.10633766454231
660294,"Tsutsugo, Yoshi",0.0,0.0,100.10633766454231
676356,"DeLuca, Jonny",0.0,0.0,100.10633766454231
702616,"Holliday, Jackson",0.0,0.0,100.10633766454231
660636,"Castillo, Diego",0.0,0.0,100.10633766454231
676946,"Batten, Matthew",0.0,0.0,100.10633766454231
675961,"Williams, Alika",0.0,0.0,100.10633766454231
660650,"Garcia, Dérmis",0.0,0.0,100.10633766454231
702358,"Lipscomb, Trey",0.0,0.0,100.10633766454231
677008,"Kjerstad, Heston",0.0,0.0,100.10633766454231
677587,"Rocchio, Brayan",0.0,0.0,100.10633766454231
700932,"Manzardo, Kyle",0.0,0.0,100.10633766454231
671056,"Herrera, Iván",0.0,0.0,100.10633766454231
677588,"Tena, José",0.0,0.0,100.10633766454231
661531,"Serven, Brian",0.0,0.0,100.10633766454231
700250,"Rice, Ben",0.0,0.0,100.10633766454231
700242,"Sweeney, Trey",0.0,0.0,100.10633766454231
677592,"Pereira, Everson",0.0,0.0,100.10633766454231
696100,"Goodman, Hunter",0.0,0.0,100.10633766454231
695578,"Wood, James",0.0,0.0,100.10633766454231
695391,"Harris, Brett",0.0,0.0,100.10633766454231
677595,"Mauricio, Ronny",0.0,0.0,100.10633766454231
694671,"Langford, Wyatt",0.0,0.0,100.10633766454231
694497,"Carter, Evan",0.0,0.0,100.10633766454231
663662,"Cameron, Daz",0.0,0.0,100.10633766454231
687401,"Ortiz, Joey",0.0,0.0,100.10633766454231
670768,"González, Luis",0.0,0.0,100.10633766454231
687363,"Scott II, Victor",0.0,0.0,100.10633766454231
680574,"McLain, Matt",0.0,0.0,100.10633766454231
666179,"Beer, Seth",0.0,0.0,100.10633766454231
669374,"Hiura, Keston",0.0,0.0,100.10633766454231
666211,"Trammell, Taylor",0.0,0.0,100.10633766454231
669364,"Edwards, Xavier",0.0,0.0,100.10633766454231
682657,"Martínez, Angel",0.0,0.0,100.10633766454231
680474,"Schuemann, Max",0.0,0.0,100.10633766454231
669352,"Thompson, Bubba",0.0,0.0,100.10633766454231
666906,"Alu, Jake",0.0,0.0,100.10633766454231
666915,"Dalbec, Bobby",0.0,0.0,100.10633766454231
682177,"Schneemann, Daniel",0.0,0.0,100.10633766454231
667472,"Myers, Dane",0.0,0.0,100.10633766454231
681987,"Eaton, Nate",0.0,0.0,100.10633766454231
669234,"Malloy, Justyn-Henry",0.0,0.0,100.10633766454231
666165,"Sabol, Blake",0.0,0.0,100.10633766454231
669224,"Wells, Austin",0.0,0.0,100.10633766454231
680718,"Barger, Addison",0.0,0.0,100.10633766454231
681624,"Pages, Andy",0.0,0.0,100.10633766454231
668751,"Mitchell, Cal",0.0,0.0,100.10633766454231
681460,"Baldwin, Brooks",0.0,0.0,100.10633766454231
681393,"Norby, Connor",0.0,0.0,100.10633766454231
668832,"McCann, Kyle",0.0,0.0,100.10633766454231
668885,"Martin, Austin",0.0,0.0,100.10633766454231
669087,"Huff, Sam",0.0,0.0,100.10633766454231
681297,"Cowser, Colton",0.0,0.0,100.10633766454231
669065,"Stowers, Kyle",0.0,0.0,100.10633766454231
680814,"Burdick, Peyton",0.0,0.0,100.10633766454231
679845,"Loftin, Nick",0.0,0.0,100.10633766454231
666163,"Rortvedt, Ben",0.0,0.0,100.10633766454231
669003,"Mitchell, Garrett",0.0,0.0,100.10633766454231
683737,"Busch, Michael",0.0,0.0,100.10633766454231
670712,"Brosseau, Mike",0.0,0.0,100.10633766454231
665155,"Maton, Nick",0.0,0.0,100.10633766454231
678554,"Mead, Curtis",0.0,0.0,100.10633766454231
665482,"Celestino, Gilberto",0.0,0.0,100.10633766454231
687231,"Hernaiz, Darell",0.0,0.0,100.10633766454231
686894,"Wiemer, Joey",0.0,0.0,100.10633766454231
686797,"Lee, Brooks",0.0,0.0,100.10633766454231
686780,"Pagés, Pedro",0.0,0.0,100.10633766454231
670097,"Short, Zack",0.0,0.0,100.10633766454231
686676,"Lee, Korey",0.0,0.0,100.10633766454231
686611,"Crews, Dylan",0.0,0.0,100.10633766454231
686554,"Dunn, Oliver",0.0,0.0,100.10633766454231
678877,"Noel, Jhonkensy",0.0,0.0,100.10633766454231
682848,"Rodríguez, Endy",0.0,0.0,100.10633766454231
665923,"Ruiz, Esteury",0.0,0.0,100.10633766454231
678882,"Rafaela, Ceddanne",0.0,0.0,100.10633766454231
665953,"Chaparro, Andrés",0.0,0.0,100.10633766454231
678894,"Peguero, Liover",0.0,0.0,100.10633766454231
669742,"Hall, Darick",0.0,0.0,100.10633766454231
683021,"Stefanic, Michael",0.0,0.0,100.10633766454231
679631,"Vavra, Terrin",0.0,0.0,100.10633766454231
682868,"Ramos, Bryan",0.0,0.0,100.10633766454231
666149,"Fitzgerald, Tyler",0.0,0.0,100.10633766454231
666150,"Fletcher, Dominic",0.0,0.0,100.10633766454231
666152,"Hamilton, David",0.0,0.0,100.10633766454231
669450,"Hummel, Cooper",0.0,0.0,100.10633766454231
666464,"Encarnacion, Jerar",0.0,0.0,100.10633766454231
405395,"Pujols, Albert",0.0,0.0,100.10633766454231
808982,"Lee, Jung Hoo",0.0,0.0,100.10633766454231
641779,"Leblanc, Charles",0.0,0.0,100.10633766454231
602074,"Daza, Yonathan",0.0,0.0,100.10633766454231
641470,"Collins, Zack",0.0,0.0,100.10633766454231
641505,"Davis, Jonathan",0.0,0.0,100.10633766454231
641531,"Dozier, Hunter",0.0,0.0,100.10633766454231
600303,"La Stella, Tommy",0.0,0.0,100.10633766454231
641553,"Engel, Adam",0.0,0.0,100.10633766454231
596748,"Franco, Maikel",0.0,0.0,100.10633766454231
595956,"Gallagher, Cam",0.0,0.0,100.10633766454231
595751,"Alfaro, Jorge",0.0,0.0,100.10633766454231
595453,"Wallach, Chad",0.0,0.0,100.10633766454231
593643,"Alberto, Hanser",0.0,0.0,100.10633766454231
640492,"Azocar, José",0.0,0.0,100.10633766454231
641856,"McKinney, Billy",0.0,0.0,100.10633766454231
641914,"Neuse, Sheldon",0.0,0.0,100.10633766454231
641943,"Palacios, Joshua",0.0,0.0,100.10633766454231
592567,"Moran, Colin",0.0,0.0,100.10633766454231
592325,"Gamel, Ben",0.0,0.0,100.10633766454231
642165,"VanMeter, Josh",0.0,0.0,100.10633766454231
642201,"White, Eli",0.0,0.0,100.10633766454231
572228,"Voit, Luke",0.0,0.0,100.10633766454231
572039,"Piscotty, Stephen",0.0,0.0,100.10633766454231
571980,"Naquin, Tyler",0.0,0.0,100.10633766454231
605244,"Garcia, Aramis",0.0,0.0,100.10633766454231
640461,"Pinder, Chad",0.0,0.0,100.10633766454231
571875,"Lamb, Jake",0.0,0.0,100.10633766454231
613564,"Vosler, Jason",0.0,0.0,100.10633766454231
621450,"Bolt, Skye",0.0,0.0,100.10633766454231
622569,"Reyes, Pablo",0.0,0.0,100.10633766454231
622666,"Camargo, Johan",0.0,0.0,100.10633766454231
622682,"Reyes, Victor",0.0,0.0,100.10633766454231
623168,"Heineman, Tyler",0.0,0.0,100.10633766454231
623205,"Velazquez, Andrew",0.0,0.0,100.10633766454231
623520,"Bote, David",0.0,0.0,100.10633766454231
621433,"Phillips, Brett",0.0,0.0,100.10633766454231
614177,"Reyes, Franmil",0.0,0.0,100.10633766454231
614173,"Cordero, Franchy",0.0,0.0,100.10633766454231
608703,"Reynolds, Matt",0.0,0.0,100.10633766454231
640458,"Mercado, Óscar",0.0,0.0,100.10633766454231
608700,"Plawecki, Kevin",0.0,0.0,100.10633766454231
608596,"Murphy, Tom",0.0,0.0,100.10633766454231
608577,"Mazara, Nomar",0.0,0.0,100.10633766454231
628450,"Hernandez, Yadiel",0.0,0.0,100.10633766454231
606157,"Aquino, Aristides",0.0,0.0,100.10633766454231
605548,"Zimmer, Bradley",0.0,0.0,100.10633766454231
605421,"Pérez, Michael",0.0,0.0,100.10633766454231
605361,"Martini, Nick",0.0,0.0,100.10633766454231
605353,"Machín, Vimael",0.0,0.0,100.10633766454231
640457,"Meadows, Austin",0.0,0.0,100.10633766454231
642727,"Alcántara, Sergio",0.0,0.0,100.10633766454231
573131,"Ruf, Darin",0.0,0.0,100.10633766454231
650907,"Pinto, René",0.0,0.0,100.10633766454231
488726,"Brantley, Michael",0.0,0.0,100.10633766454231
519222,"Romine, Austin",0.0,0.0,100.10633766454231
518586,"Culberson, Charlie",0.0,0.0,100.10633766454231
514917,"Hernández, César",0.0,0.0,100.10633766454231
656185,"Allen, Greg",0.0,0.0,100.10633766454231
503556,"Gonzalez, Marwin",0.0,0.0,100.10633766454231
656248,"Bouchard, Sean",0.0,0.0,100.10633766454231
656308,"Chavis, Michael",0.0,0.0,100.10633766454231
501303,"Adrianza, Ehire",0.0,0.0,100.10633766454231
656448,"Garrett, Stone",0.0,0.0,100.10633766454231
656537,"Hill, Derek",0.0,0.0,100.10633766454231
542208,"Pérez, Carlos",0.0,0.0,100.10633766454231
476704,"Lowrie, Jed",0.0,0.0,100.10633766454231
656577,"Jackson, Alex",0.0,0.0,100.10633766454231
456715,"Cain, Lorenzo",0.0,0.0,100.10633766454231
656669,"Luplow, Jordan",0.0,0.0,100.10633766454231
455139,"Chirinos, Robinson",0.0,0.0,100.10633766454231
444876,"Escobar, Alcides",0.0,0.0,100.10633766454231
435559,"Suzuki, Kurt",0.0,0.0,100.10633766454231
429664,"Canó, Robinson",0.0,0.0,100.10633766454231
425877,"Molina, Yadier",0.0,0.0,100.10633766454231
519390,"Vogt, Stephen",0.0,0.0,100.10633766454231
621545,"Remillard, Zach",0.0,0.0,100.10633766454231
546991,"Almora Jr., Albert",0.0,0.0,100.10633766454231
650331,"Díaz, Lewin",0.0,0.0,100.10633766454231
542340,"Villar, Jonathan",0.0,0.0,100.10633766454231
543333,"Hosmer, Eric",0.0,0.0,100.10633766454231
543543,"Miller, Brad",0.0,0.0,100.10633766454231
546318,"Herrera, Odúbel",0.0,0.0,100.10633766454231
545358,"Stassi, Max",0.0,0.0,100.10633766454231
643524,"Schwindel, Frank",0.0,0.0,100.10633766454231
544725,"García, Leury",0.0,0.0,100.10633766454231
544369,"Gregorius, Didi",0.0,0.0,100.10633766454231
676475,"Burleson, Alec",-0.0006674054879215394,-0.0006674054879215394,100.08815442401941
647304,"Naylor, Josh",-0.0009766619240864716,-0.0009766619240864716,100.07972883528241
696285,"Young, Jacob",-0.003436581747069083,-0.003436581747069083,100.01270913793523
502054,"Pham, Tommy",-0.007415891128902548,-0.007415891128902548,99.90429417744357
600869,"Candelario, Jeimer",-0.00742893641320609,-0.00742893641320609,99.90393876301191
679529,"Torkelson, Spencer",-0.010434660001748013,-0.010434660001748013,99.82204882361987
624512,"McGuire, Reese",-0.011860624763086115,-0.011860624763086115,99.78319888800824
642731,"Estrada, Thairo",-0.013142308470389942,-0.013142308470389942,99.74827984172235
641857,"McMahon, Ryan",-0.015740140256447162,-0.015740140256447162,99.67750277881412
660766,"Yepez, Juan",-0.02105679055618445,-0.02105679055618445,99.53265240984675
656305,"Chapman, Matt",-0.02232864342607595,-0.02232864342607595,99.49800120145618
643217,"Benintendi, Andrew",-0.02696744533148552,-0.02696744533148552,99.37161858652317
691023,"Walker, Jordan",-0.027962404564067622,-0.027962404564067622,99.34451125317945
663837,"Vierling, Matt",-0.03300421186367106,-0.03300421186367106,99.20714889033115
656582,"Joe, Connor",-0.03502287725957752,-0.03502287725957752,99.15215102307756
668804,"Reynolds, Bryan",-0.0358965944862446,-0.0358965944862446,99.12834688785692
687093,"Grissom, Vaughn",-0.03706675579100528,-0.03706675579100528,99.09646623233321
602104,"Urías, Ramón",-0.03787868948137194,-0.03787868948137194,99.07434536900833
670156,"Mastrobuoni, Miles",-0.03824595576757501,-0.03824595576757501,99.06433932120255
621438,"Taylor, Tyrone",-0.041228453614441704,-0.041228453614441704,98.98308215941698
593428,"Bogaerts, Xander",-0.04710880668638774,-0.04710880668638774,98.82287389592223
664238,"Moore, Dylan",-0.04970012434708894,-0.04970012434708894,98.75227430819257
668939,"Rutschman, Adley",-0.051118481507113255,-0.051118481507113255,98.71363163914826
571970,"Muncy, Max",-0.060870087234387193,-0.060870087234387193,98.44795238473317
643446,"McNeil, Jeff",-0.06131873997085951,-0.06131873997085951,98.43572899016094
543760,"Semien, Marcus",-0.06242414832552772,-0.06242414832552772,98.40561250722408
670770,"Friedl, TJ",-0.06555356993079536,-0.06555356993079536,98.32035245651134
592626,"Pederson, Joc",-0.06662978358851619,-0.06662978358851619,98.29103137338194
670242,"Wallner, Matt",-0.0685058844828733,-0.0685058844828733,98.23991762855259
443558,"Cruz, Nelson",-0.07061066325022082,-0.07061066325022082,98.18257363113752
607208,"Turner, Trea",-0.07124971994182237,-0.07124971994182237,98.16516274414084
664901,"Mendick, Danny",-0.0722061408777394,-0.0722061408777394,98.13910537387096
663457,"Nootbaar, Lars",-0.07259583390292033,-0.07259583390292033,98.12848831702142
641355,"Bellinger, Cody",-0.07393368831775707,-0.07393368831775707,98.09203891849255
669261,"Suwinski, Jack",-0.07433509075825841,-0.07433509075825841,98.08110284251744
650859,"Rengifo, Luis",-0.07581998054318632,-0.07581998054318632,98.04064751423803
657757,"Sheets, Gavin",-0.07813121172123197,-0.07813121172123197,97.97767878956465
669289,"Espinal, Santiago",-0.07968724461247864,-0.07968724461247864,97.93528519101754
672386,"Kirk, Alejandro",-0.0869775285795287,-0.0869775285795287,97.73666382926345
662139,"Varsho, Daulton",-0.08919444289537146,-0.08919444289537146,97.67626473612867
666969,"García, Adolis",-0.08997192982437022,-0.08997192982437022,97.65508236335943
545121,"Vargas, Ildemaro",-0.09233304922485369,-0.09233304922485369,97.59075445065977
664983,"McCarthy, Jake",-0.09311138588885491,-0.09311138588885491,97.56954892714303
457705,"McCutchen, Andrew",-0.0950793163539438,-0.0950793163539438,97.51593331620387
573262,"Yastrzemski, Mike",-0.09768043463072953,-0.09768043463072953,97.4450667139489
456781,"Solano, Donovan",-0.09895903216799679,-0.09895903216799679,97.41023174933913
547180,"Harper, Bryce",-0.09941204624282717,-0.09941204624282717,97.39788953155403
670032,"Lopez, Nicky",-0.10070623999892969,-0.10070623999892969,97.36262965314977
656555,"Hoskins, Rhys",-0.10201997443069742,-0.10201997443069742,97.32683739553671
516416,"Segura, Jean",-0.10220831691336543,-0.10220831691336543,97.32170606724378
647351,"Toro, Abraham",-0.10304569916246817,-0.10304569916246817,97.29889186640095
681807,"Fry, David",-0.10396105446942863,-0.10396105446942863,97.27395331553255
543257,"Grossman, Robbie",-0.10455843427429509,-0.10455843427429509,97.25767790145223
656775,"Mullins, Cedric",-0.10478002058504558,-0.10478002058504558,97.2516408561209
677594,"Rodríguez, Julio",-0.10570499057868792,-0.10570499057868792,97.22644035631194
657077,"Verdugo, Alex",-0.10708949397309613,-0.10708949397309613,97.18872002185125
660162,"Moncada, Yoán",-0.10882079728112706,-0.10882079728112706,97.1415512390981
621043,"Correa, Carlos",-0.11100354985044786,-0.11100354985044786,97.08208287138429
608324,"Bregman, Alex",-0.11145436638075298,-0.11145436638075298,97.06980052496881
622110,"Duffy, Matt",-0.11993371297649487,-0.11993371297649487,96.83878354740756
502671,"Goldschmidt, Paul",-0.1203183150651583,-0.1203183150651583,96.82830519143006
596146,"Kepler, Max",-0.12109194397804617,-0.12109194397804617,96.80722792902648
643289,"Dubón, Mauricio",-0.1231307970083774,-0.1231307970083774,96.7516800563879
598265,"Bradley Jr., Jackie",-0.12595129642753075,-0.12595129642753075,96.6748364878807
656413,"Fairchild, Stuart",-0.128722592336195,-0.128722592336195,96.59933345265048
666185,"Carlson, Dylan",-0.1332944947335578,-0.1332944947335578,96.4747734925618
673237,"Diaz, Yainer",-0.13829057973161024,-0.13829057973161024,96.3386568186109
553993,"Suárez, Eugenio",-0.14196004119130526,-0.14196004119130526,96.23868356169487
669221,"Murphy, Sean",-0.14564462941221223,-0.14564462941221223,96.13829818120114
669222,"Senzel, Nick",-0.14605874076060357,-0.14605874076060357,96.12701585525785
681082,"Stott, Bryson",-0.14902888767067327,-0.14902888767067327,96.0460951906371
670042,"Raley, Luke",-0.1505724930180508,-0.1505724930180508,96.004040176389
669242,"Edman, Tommy",-0.15145593823474734,-0.15145593823474734,95.97997100531576
669357,"Gorman, Nolan",-0.15462833763456205,-0.15462833763456205,95.89354003888606
608385,"Winker, Jesse",-0.15483780168578393,-0.15483780168578393,95.88783326048343
666971,"Gurriel Jr., Lourdes",-0.15880535426159892,-0.15880535426159892,95.77973861026115
624413,"Alonso, Pete",-0.159908663301274,-0.159908663301274,95.749679322463
624428,"Frazier, Adam",-0.1614711494954454,-0.1614711494954454,95.70710990582423
455117,"Maldonado, Martín",-0.16718794188613995,-0.16718794188613995,95.55135779868584
592669,"Renfroe, Hunter",-0.17828771387377088,-0.17828771387377088,95.24894820294067
571912,"Maile, Luke",-0.1817455776855839,-0.1817455776855839,95.15473985355858
518934,"LeMahieu, DJ",-0.18407479218780545,-0.18407479218780545,95.09128117919973
663538,"Hoerner, Nico",-0.1939793666873283,-0.1939793666873283,94.82143434146589
621028,"Newman, Kevin",-0.19494917132711181,-0.19494917132711181,94.79501233663592
665828,"Cabrera, Oswaldo",-0.20055296334436826,-0.20055296334436826,94.64233888708516
543510,"McCann, James",-0.2027029489586326,-0.2027029489586326,94.58376324416274
642708,"Rosario, Amed",-0.20377461637289318,-0.20377461637289318,94.55456602192422
595978,"Hedges, Austin",-0.20453082100818923,-0.20453082100818923,94.53396347816789
467793,"Santana, Carlos",-0.2057650171712667,-0.2057650171712667,94.50033821422892
605137,"Bell, Josh",-0.20746407137071704,-0.20746407137071704,94.4540480477122
663647,"Hayes, Ke'Bryan",-0.20886707698584148,-0.20886707698584148,94.4158236264024
514888,"Altuve, Jose",-0.21026464015003787,-0.21026464015003787,94.37774748285783
596142,"Sánchez, Gary",-0.2102796584769281,-0.2102796584769281,94.37733831353717
543068,"Cron, C.J.",-0.2105391826487839,-0.2105391826487839,94.3702676637991
663993,"Lowe, Nathaniel",-0.21183363811100725,-0.21183363811100725,94.33500065529863
594807,"Duvall, Adam",-0.21663402265988374,-0.21663402265988374,94.20421577499073
650490,"Díaz, Yandy",-0.21665646606136252,-0.21665646606136252,94.20360431198267
605119,"Anderson, Brian",-0.21710728190313372,-0.21710728190313372,94.19132198432608
621035,"Taylor, Chris",-0.21780702423326395,-0.21780702423326395,94.17225773729324
665804,"Amaya, Miguel",-0.22186437165936354,-0.22186437165936354,94.06171665624294
543807,"Springer, George",-0.22298244892915312,-0.22298244892915312,94.03125501292759
658668,"Olivares, Edward",-0.22331873714718647,-0.22331873714718647,94.02209295228502
572816,"Dickerson, Corey",-0.2239866728245673,-0.2239866728245673,94.00389526692666
641680,"Heim, Jonah",-0.2307914957429055,-0.2307914957429055,93.8185001299684
641645,"Guillorme, Luis",-0.2335731495117519,-0.2335731495117519,93.74271489828281
596103,"Slater, Austin",-0.23541540878924233,-0.23541540878924233,93.69252315704844
621020,"Swanson, Dansby",-0.23696382429325497,-0.23696382429325497,93.65033709168279
608701,"Refsnyder, Rob",-0.23847056857239932,-0.23847056857239932,93.60928634497779
670764,"Walls, Taylor",-0.24611972508636915,-0.24611972508636915,93.40088762005273
608336,"Gallo, Joey",-0.2543611368556197,-0.2543611368556197,93.17635309769624
676701,"Trejo, Alan",-0.2572623521110828,-0.2572623521110828,93.09731045307687
686469,"Pasquantino, Vinnie",-0.26263850449812254,-0.26263850449812254,92.95083896953281
650559,"De La Cruz, Bryan",-0.267320046269703,-0.267320046269703,92.82329192116231
664728,"Isbel, Kyle",-0.2734095382391115,-0.2734095382391115,92.65738573797094
669004,"Melendez, MJ",-0.27884344634814573,-0.27884344634814573,92.5093407189921
518692,"Freeman, Freddie",-0.28115893265313224,-0.28115893265313224,92.44625606480058
660644,"Bruján, Vidal",-0.2817201913864624,-0.2817201913864624,92.43096475729949
666801,"Castro, Rodolfo",-0.2819844641540974,-0.2819844641540974,92.42376473364892
592663,"Realmuto, J.T.",-0.28249783744112816,-0.28249783744112816,92.40977804920438
660688,"Ruiz, Keibert",-0.29241021328473454,-0.29241021328473454,92.13971866644592
543309,"Higashioka, Kyle",-0.29375288272155065,-0.29375288272155065,92.10313808424482
621439,"Buxton, Byron",-0.2971886314780916,-0.2971886314780916,92.0095322521876
660757,"Gonzalez, Oscar",-0.2991022624350781,-0.2991022624350781,91.95739601328533
663624,"Mountcastle, Ryan",-0.3009582423084924,-0.3009582423084924,91.90683045897883
665926,"Giménez, Andrés",-0.306152921002393,-0.306152921002393,91.76530316584171
663898,"Rodgers, Brendan",-0.307946424572652,-0.307946424572652,91.71643975763351
656941,"Schwarber, Kyle",-0.3112380025374231,-0.3112380025374231,91.6267618108433
664913,"Brown, Seth",-0.3153113697805178,-0.3153113697805178,91.51578427520757
687263,"Neto, Zach",-0.31795732160423207,-0.31795732160423207,91.44369619787928
628451,"Ibáñez, Andy",-0.3190130466486226,-0.3190130466486226,91.41493332020504
458015,"Votto, Joey",-0.32003639077910534,-0.32003639077910534,91.38705264975953
649966,"Urías, Luis",-0.32185183440571075,-0.32185183440571075,91.33759149201397
676609,"Caballero, José",-0.3269546316678872,-0.3269546316678872,91.19856747792215
605113,"Ahmed, Nick",-0.32706348460792256,-0.32706348460792256,91.19560181577806
572041,"Pollock, AJ",-0.33080709215110643,-0.33080709215110643,91.09360847348017
594777,"Calhoun, Kole",-0.33508692618952646,-0.33508692618952646,90.97700581868175
542194,"Bethancourt, Christian",-0.3384114082979571,-0.3384114082979571,90.88643140944227
641584,"Fraley, Jake",-0.34566928311012896,-0.34566928311012896,90.68869302433275
571745,"Haniger, Mitch",-0.34934803623452637,-0.34934803623452637,90.58846661910252
543685,"Rendon, Anthony",-0.35025782187568444,-0.35025782187568444,90.5636798119263
673357,"Robert Jr., Luis",-0.35427993046712164,-0.35427993046712164,90.45409880120508
593871,"Polanco, Jorge",-0.3605653122083657,-0.3605653122083657,90.28285566633782
553869,"Díaz, Elias",-0.3657057222809025,-0.3657057222809025,90.14280690373869
606192,"Hernández, Teoscar",-0.3725660917319883,-0.3725660917319883,89.95589841997187
666310,"Naylor, Bo",-0.37378051347034597,-0.37378051347034597,89.92281190365692
641432,"Calhoun, Willie",-0.37541054236566945,-0.37541054236566945,89.87840230859163
444482,"Peralta, David",-0.3756144792033071,-0.3756144792033071,89.87284611728461
672580,"Garcia, Maikel",-0.4103438199162804,-0.4103438199162804,88.92665678139461
670623,"Paredes, Isaac",-0.41333379705318535,-0.41333379705318535,88.84519584883975
676801,"McCormick, Chas",-0.41928118417504967,-0.41928118417504967,88.68316126495215
686217,"Frelick, Sal",-0.4236442007315339,-0.4236442007315339,88.56429233011761
668472,"Pratto, Nick",-0.43313102384109636,-0.43313102384109636,88.30582699004884
527038,"Flores, Wilmer",-0.4374380996616753,-0.4374380996616753,88.18848214195677
657136,"Wong, Connor",-0.44491669347783896,-0.44491669347783896,87.98473034100009
650333,"Arraez, Luis",-0.45300970108347977,-0.45300970108347977,87.76423904071825
457759,"Turner, Justin",-0.4530184282669271,-0.4530184282669271,87.7640012715081
606115,"Arcia, Orlando",-0.4606083925529667,-0.4606083925529667,87.55721521914421
593160,"Merrifield, Whit",-0.4784260570315256,-0.4784260570315256,87.07177887702036
664702,"Straw, Myles",-0.48100931488869775,-0.48100931488869775,87.00139887595697
570482,"Urshela, Gio",-0.48196682032002564,-0.48196682032002564,86.97531195897035
542583,"Aguilar, Jesús",-0.4884686352835868,-0.4884686352835868,86.79817217295208
642133,"Tellez, Rowdy",-0.49814057896901776,-0.49814057896901776,86.53466328436944
680777,"Jeffers, Ryan",-0.500116018022743,-0.500116018022743,86.48084310443043
650402,"Torres, Gleyber",-0.5148195732534641,-0.5148195732534641,86.08024963293441
606132,"Tapia, Raimel",-0.5384281284656015,-0.5384281284656015,85.43704239896725
605131,"Barnes, Austin",-0.540379777333347,-0.540379777333347,85.38387037473206
595281,"Kiermaier, Kevin",-0.5547590915286522,-0.5547590915286522,84.99211074239538
650391,"Jiménez, Eloy",-0.5684277626035256,-0.5684277626035256,84.61971234549746
608841,"Meneses, Joey",-0.5765167600320058,-0.5765167600320058,84.39933030115849
641343,"Bauers, Jake",-0.5806069827311869,-0.5806069827311869,84.28789354422821
668670,"Rogers, Jake",-0.5856431763455894,-0.5856431763455894,84.15068412436598
670541,"Alvarez, Yordan",-0.5890491893242712,-0.5890491893242712,84.05788843368568
592178,"Bryant, Kris",-0.5943863571993544,-0.5943863571993544,83.91247907020266
649557,"Díaz, Aledmys",-0.6004783246669579,-0.6004783246669579,83.74650544288637
623912,"Ramírez, Harold",-0.6012347116283653,-0.6012347116283653,83.72589793171579
572138,"Singleton, Jon",-0.6039263479077674,-0.6039263479077674,83.65256519658806
686527,"Canzone, Dominic",-0.6100215705578541,-0.6100215705578541,83.48650288290779
666182,"Bichette, Bo",-0.617891029453378,-0.617891029453378,83.27210209287529
595909,"Cave, Jake",-0.6336509218142399,-0.6336509218142399,82.84272906763235
592273,"Drury, Brandon",-0.6486103341626744,-0.6486103341626744,82.43516485406862
571448,"Arenado, Nolan",-0.6501306898461239,-0.6501306898461239,82.39374326918082
681351,"O'Hoppe, Logan",-0.6518631225747339,-0.6518631225747339,82.34654371573967
643265,"Cooper, Garrett",-0.664468702460785,-0.664468702460785,82.00310888467087
642136,"Thaiss, Matt",-0.6722558492150713,-0.6722558492150713,81.79095066154734
596115,"Story, Trevor",-0.675553336965707,-0.675553336965707,81.701111704607
678246,"Vargas, Miguel",-0.6819858477593932,-0.6819858477593932,81.5258600876447
665862,"Chisholm Jr., Jazz",-0.6839415585246221,-0.6839415585246221,81.47257739836365
668904,"Lewis, Royce",-0.6896537409586435,-0.6896537409586435,81.31695088796144
678009,"Meadows, Parker",-0.7110005807756219,-0.7110005807756219,80.73536333763309
666181,"Benson, Will",-0.7172977138588704,-0.7172977138588704,80.5638000413617
624415,"Biggio, Cavan",-0.7193079230725306,-0.7193079230725306,80.50903255998068
542932,"Berti, Jon",-0.7426481085723606,-0.7426481085723606,79.87313696955894
607054,"Peterson, Jace",-0.7462910180562266,-0.7462910180562266,79.77388711239253
543305,"Hicks, Aaron",-0.7752844425228455,-0.7752844425228455,78.9839709067273
681546,"Outman, James",-0.7980719234383401,-0.7980719234383401,78.36313356886262
462101,"Andrus, Elvis",-0.7991026046281932,-0.7991026046281932,78.33505300267504
683146,"Baty, Brett",-0.8411095824166347,-0.8411095824166347,77.19058686538543
671213,"Casas, Triston",-0.871059876034371,-0.871059876034371,76.37460107797628
644374,"Chang, Yu",-0.884251730018945,-0.884251730018945,76.01519340410243
605204,"Davis, J.D.",-0.9186294906194659,-0.9186294906194659,75.07858275143198
519203,"Rizzo, Anthony",-0.9804799090404778,-0.9804799090404778,73.39348867452559
592200,"Casali, Curt",-0.9941225489563306,-0.9941225489563306,73.02179948789657
663743,"Fortes, Nick",-1.0098808317867018,-1.0098808317867018,72.59247031377649
643376,"Jansen, Danny",-1.0229146378635008,-1.0229146378635008,72.23736860257934
607680,"Pillar, Kevin",-1.0311983175995227,-1.0311983175995227,72.01168250352754
667452,"Julks, Corey",-1.0324469289486875,-1.0324469289486875,71.97766450263846
669134,"Campusano, Luis",-1.0338747768736167,-1.0338747768736167,71.93876326086118
641313,"Anderson, Tim",-1.065056046181876,-1.065056046181876,71.0892399502166
680869,"Gelof, Zack",-1.08557800203483,-1.08557800203483,70.53012608911133
683011,"Volpe, Anthony",-1.0898847576443689,-1.0898847576443689,70.41278996506254
543281,"Harrison, Josh",-1.1019262842217354,-1.1019262842217354,70.08472257877082
596117,"Stubbs, Garrett",-1.1043251044634823,-1.1043251044634823,70.01936751919118
606992,"Haase, Eric",-1.126093727948999,-1.126093727948999,69.42628861310914
682626,"Alvarez, Francisco",-1.1319299665739149,-1.1319299665739149,69.26728223305017
608671,"Jankowski, Travis",-1.1330586691616,-1.1330586691616,69.236531106483
666397,"Julien, Edouard",-1.14366093003705,-1.14366093003705,68.94767603550471
571976,"Myers, Wil",-1.157597669839829,-1.157597669839829,68.56797419528127
542364,"Ortega, Rafael",-1.2086268449685063,-1.2086268449685063,67.17770129246222
666134,"Jones, Nolan",-1.2111066454585282,-1.2111066454585282,67.11013995295434
624503,"Gordon, Nick",-1.249973155918649,-1.249973155918649,66.05123480342797
676914,"Schneider, Davis",-1.2519519218183546,-1.2519519218183546,65.99732398467683
543939,"Wong, Kolten",-1.2590741733489765,-1.2590741733489765,65.80328061076148
572204,"Thompson, Trayce",-1.3005623812406686,-1.3005623812406686,64.67294818675315
572761,"Carpenter, Matt",-1.3096985709006561,-1.3096985709006561,64.42403573838871
605612,"Castro, Harold",-1.3197725615461642,-1.3197725615461642,64.14957321410951
672356,"Arias, Gabriel",-1.3309633370417497,-1.3309633370417497,63.84468425806011
641820,"Mancini, Trey",-1.343177188040551,-1.343177188040551,63.51192195022574
680779,"Davis, Henry",-1.3669435853113874,-1.3669435853113874,62.86441436187149
664874,"Zavala, Seby",-1.4169256137173238,-1.4169256137173238,61.50267062320668
666023,"Fermin, Freddy",-1.4652764638613582,-1.4652764638613582,60.1853677937173
624414,"Arroyo, Christian",-1.472570782759066,-1.472570782759066,59.98663650161956
572287,"Zunino, Mike",-1.5439826803919894,-1.5439826803919894,58.04104310396834
543592,"Nola, Austin",-1.5772338641224257,-1.5772338641224257,57.1351256633961
687952,"Encarnacion-Strand, Christian",-1.6282775706495043,-1.6282775706495043,55.7444568574611
547989,"Abreu, José",-1.6747893782307537,-1.6747893782307537,54.4772581308839
682622,"Marte, Noelvi",-1.73786846533444,-1.73786846533444,52.758689384403525
500871,"Escobar, Eduardo",-1.8523110805716543,-1.8523110805716543,49.64073839870099
665120,"Walsh, Jared",-2.060735411988602,-2.060735411988602,43.962286816317494
676116,"Noda, Ryan",-2.233312168266043,-2.233312168266043,39.26049049482257
