player_id,player_name,season,pa,pa_prev,pa_delta,process_score,breakout_label,labeled_year,attack_angle_delta,attack_angle_toward_opt_delta,barrels_per_bbe_percent_delta,barrels_per_pa_delta,barrels_per_swing_delta,bat_speed_delta,bb_k_ratio_delta,bb_per_pa_delta,contact_per_pa_delta,contact_rate_delta,hardhit_per_pa_delta,hardhit_percent_delta,k_per_pa_delta,launch_speed_delta,pa_delta.1,power_index_per_pa_delta,rate_ideal_attack_angle_delta,swings_per_pa_delta,takes_per_pa_delta,whiff_per_swing_delta,whiffs_per_pa_delta,breakout_prob_2026,breakout_rank
455117,"Maldonado, Martín",2026,161.0,147.0,0.0,-14.426754360241636,0,2025,0.0,0.0,0.0,0.0,0.0,0.0,0.0,0.0,0.0,0.0,0.0,0.0,0.0,0.0,14.0,0.0,0.0,0.0,0.0,0.0,0.0,4.442115e-05,428.0
456781,"Solano, Donovan",2026,179.0,309.0,0.0,-4.504346998300285,0,2025,0.0,0.0,0.0,0.0,0.0,0.0,0.0,0.0,0.0,0.0,0.0,0.0,0.0,0.0,-130.0,0.0,0.0,0.0,0.0,0.0,0.0,5.1092262e-05,374.0
457705,"McCutchen, Andrew",2026,545.0,513.0,0.0,-2.3972266751481324,0,2025,0.0,0.0,0.0,0.0,0.0,0.0,0.0,0.0,0.0,0.0,0.0,0.0,0.0,0.0,32.0,0.0,0.0,0.0,0.0,0.0,0.0,0.00017619575,220.0
457759,"Turner, Justin",2026,191.0,537.0,0.0,-4.174064744619249,0,2025,0.0,0.0,0.0,0.0,0.0,0.0,0.0,0.0,0.0,0.0,0.0,0.0,0.0,0.0,-346.0,0.0,0.0,0.0,0.0,0.0,0.0,6.723623e-05,350.0
467793,"Santana, Carlos",2026,473.0,591.0,0.0,-5.72684247982582,0,2025,0.0,0.0,0.0,0.0,0.0,0.0,0.0,0.0,0.0,0.0,0.0,0.0,0.0,0.0,-118.0,0.0,0.0,0.0,0.0,0.0,0.0,0.00018091817,211.5
500743,"Rojas, Miguel",2026,315.0,337.0,0.0,8.571593660497724,1,2025,0.0,0.0,0.0,0.0,0.0,0.0,0.0,0.0,0.0,0.0,0.0,0.0,0.0,0.0,-22.0,0.0,0.0,0.0,0.0,0.0,0.0,0.94156605,93.5
502054,"Pham, Tommy",2026,446.0,478.0,0.0,1.2437028201887053,0,2025,0.0,0.0,0.0,0.0,0.0,0.0,0.0,0.0,0.0,0.0,0.0,0.0,0.0,0.0,-32.0,0.0,0.0,0.0,0.0,0.0,0.0,0.965493,25.0
502671,"Goldschmidt, Paul",2026,529.0,652.0,0.0,-10.794767492953175,0,2025,0.0,0.0,0.0,0.0,0.0,0.0,0.0,0.0,0.0,0.0,0.0,0.0,0.0,0.0,-123.0,0.0,0.0,0.0,0.0,0.0,0.0,0.00019947754,186.5
514888,"Altuve, Jose",2026,649.0,680.0,0.0,-2.729878064725738,0,2025,0.0,0.0,0.0,0.0,0.0,0.0,0.0,0.0,0.0,0.0,0.0,0.0,0.0,0.0,-31.0,0.0,0.0,0.0,0.0,0.0,0.0,0.00018445186,202.5
516782,"Marte, Starling",2026,329.0,369.0,0.0,-3.4018809321521832,0,2025,0.0,0.0,0.0,0.0,0.0,0.0,0.0,0.0,0.0,0.0,0.0,0.0,0.0,0.0,-40.0,0.0,0.0,0.0,0.0,0.0,0.0,0.0001015718,295.0
518595,"d'Arnaud, Travis",2026,231.0,341.0,0.0,-6.597771483647057,0,2025,0.0,0.0,0.0,0.0,0.0,0.0,0.0,0.0,0.0,0.0,0.0,0.0,0.0,0.0,-110.0,0.0,0.0,0.0,0.0,0.0,0.0,5.1092262e-05,374.0
518692,"Freeman, Freddie",2026,620.0,628.0,0.0,1.8374511055565008,0,2025,0.0,0.0,0.0,0.0,0.0,0.0,0.0,0.0,0.0,0.0,0.0,0.0,0.0,0.0,-8.0,0.0,0.0,0.0,0.0,0.0,0.0,0.96426946,28.0
518934,"LeMahieu, DJ",2026,142.0,228.0,0.0,3.3158543038663844,0,2025,0.0,0.0,0.0,0.0,0.0,0.0,0.0,0.0,0.0,0.0,0.0,0.0,0.0,0.0,-86.0,0.0,0.0,0.0,0.0,0.0,0.0,0.0022950843,152.5
519317,"Stanton, Giancarlo",2026,278.0,457.0,0.0,-1.0444005676131116,0,2025,0.0,0.0,0.0,0.0,0.0,0.0,0.0,0.0,0.0,0.0,0.0,0.0,0.0,0.0,-179.0,0.0,0.0,0.0,0.0,0.0,0.0,0.000121534125,280.0
521692,"Perez, Salvador",2026,636.0,643.0,0.0,0.1572752521729406,0,2025,0.0,0.0,0.0,0.0,0.0,0.0,0.0,0.0,0.0,0.0,0.0,0.0,0.0,0.0,-7.0,0.0,0.0,0.0,0.0,0.0,0.0,0.00018445186,202.5
527038,"Flores, Wilmer",2026,462.0,241.0,0.0,-1.6161604989575449,0,2025,0.0,0.0,0.0,0.0,0.0,0.0,0.0,0.0,0.0,0.0,0.0,0.0,0.0,0.0,221.0,0.0,0.0,0.0,0.0,0.0,0.0,0.00011900372,288.5
542303,"Ozuna, Marcell",2026,590.0,686.0,0.0,-12.13068998075138,0,2025,0.0,0.0,0.0,0.0,0.0,0.0,0.0,0.0,0.0,0.0,0.0,0.0,0.0,0.0,-96.0,0.0,0.0,0.0,0.0,0.0,0.0,0.00019495864,192.0
542932,"Berti, Jon",2026,107.0,422.0,0.0,-4.03609137517056,0,2025,0.0,0.0,0.0,0.0,0.0,0.0,0.0,0.0,0.0,0.0,0.0,0.0,0.0,0.0,-315.0,0.0,0.0,0.0,0.0,0.0,0.0,5.2300074e-05,366.5
543309,"Higashioka, Kyle",2026,326.0,263.0,0.0,-5.985768054247264,0,2025,0.0,0.0,0.0,0.0,0.0,0.0,0.0,0.0,0.0,0.0,0.0,0.0,0.0,0.0,63.0,0.0,0.0,0.0,0.0,0.0,0.0,8.49122e-05,344.0
543510,"McCann, James",2026,137.0,233.0,0.0,4.291611340151074,0,2025,0.0,0.0,0.0,0.0,0.0,0.0,0.0,0.0,0.0,0.0,0.0,0.0,0.0,0.0,-96.0,0.0,0.0,0.0,0.0,0.0,0.0,0.0022950843,152.5
543760,"Semien, Marcus",2026,534.0,716.0,0.0,-0.0843549322288528,0,2025,0.0,0.0,0.0,0.0,0.0,0.0,0.0,0.0,0.0,0.0,0.0,0.0,0.0,0.0,-182.0,0.0,0.0,0.0,0.0,0.0,0.0,0.00019947754,186.5
543807,"Springer, George",2026,583.0,614.0,0.0,15.12897609573053,1,2025,0.0,0.0,0.0,0.0,0.0,0.0,0.0,0.0,0.0,0.0,0.0,0.0,0.0,0.0,-31.0,0.0,0.0,0.0,0.0,0.0,0.0,0.96659684,21.0
543877,"Vázquez, Christian",2026,214.0,315.0,0.0,-9.11912977433002,0,2025,0.0,0.0,0.0,0.0,0.0,0.0,0.0,0.0,0.0,0.0,0.0,0.0,0.0,0.0,-101.0,0.0,0.0,0.0,0.0,0.0,0.0,5.1092262e-05,374.0
545121,"Vargas, Ildemaro",2026,121.0,303.0,0.0,9.414346884450165,0,2025,0.0,0.0,0.0,0.0,0.0,0.0,0.0,0.0,0.0,0.0,0.0,0.0,0.0,0.0,-182.0,0.0,0.0,0.0,0.0,0.0,0.0,0.0026543278,145.0
545341,"Grichuk, Randal",2026,292.0,278.0,0.0,-1.615401490127217,0,2025,0.0,0.0,0.0,0.0,0.0,0.0,0.0,0.0,0.0,0.0,0.0,0.0,0.0,0.0,14.0,0.0,0.0,0.0,0.0,0.0,0.0,9.025887e-05,311.0
545361,"Trout, Mike",2026,546.0,125.0,0.0,-6.5559947554557825,0,2025,0.0,0.0,0.0,0.0,0.0,0.0,0.0,0.0,0.0,0.0,0.0,0.0,0.0,0.0,421.0,0.0,0.0,0.0,0.0,0.0,0.0,0.00012061881,282.0
547180,"Harper, Bryce",2026,574.0,620.0,0.0,-1.6877997532385485,0,2025,0.0,0.0,0.0,0.0,0.0,0.0,0.0,0.0,0.0,0.0,0.0,0.0,0.0,0.0,-46.0,0.0,0.0,0.0,0.0,0.0,0.0,0.0001884703,195.0
553869,"Díaz, Elias",2026,283.0,349.0,0.0,2.432634861290829,0,2025,0.0,0.0,0.0,0.0,0.0,0.0,0.0,0.0,0.0,0.0,0.0,0.0,0.0,0.0,-66.0,0.0,0.0,0.0,0.0,0.0,0.0,0.93125665,104.0
553993,"Suárez, Eugenio",2026,655.0,640.0,0.0,3.321300948949736,0,2025,0.0,0.0,0.0,0.0,0.0,0.0,0.0,0.0,0.0,0.0,0.0,0.0,0.0,0.0,15.0,0.0,0.0,0.0,0.0,0.0,0.0,0.9628629,36.0
570482,"Urshela, Gio",2026,197.0,460.0,0.0,0.1908118368602314,0,2025,0.0,0.0,0.0,0.0,0.0,0.0,0.0,0.0,0.0,0.0,0.0,0.0,0.0,0.0,-263.0,0.0,0.0,0.0,0.0,0.0,0.0,6.406006e-05,357.0
571448,"Arenado, Nolan",2026,432.0,632.0,0.0,-0.7550192608504483,0,2025,0.0,0.0,0.0,0.0,0.0,0.0,0.0,0.0,0.0,0.0,0.0,0.0,0.0,0.0,-200.0,0.0,0.0,0.0,0.0,0.0,0.0,0.0001416297,243.5
571657,"Farmer, Kyle",2026,300.0,240.0,0.0,0.8785564744415367,0,2025,0.0,0.0,0.0,0.0,0.0,0.0,0.0,0.0,0.0,0.0,0.0,0.0,0.0,0.0,60.0,0.0,0.0,0.0,0.0,0.0,0.0,0.9233942,117.0
571771,"Hernández, Enrique",2026,256.0,393.0,0.0,5.819780930915538,0,2025,0.0,0.0,0.0,0.0,0.0,0.0,0.0,0.0,0.0,0.0,0.0,0.0,0.0,0.0,-137.0,0.0,0.0,0.0,0.0,0.0,0.0,0.53469396,125.0
571970,"Muncy, Max",2026,386.0,290.0,0.0,8.934782385991074,1,2025,0.0,0.0,0.0,0.0,0.0,0.0,0.0,0.0,0.0,0.0,0.0,0.0,0.0,0.0,96.0,0.0,0.0,0.0,0.0,0.0,0.0,0.9346217,100.5
572191,"Taylor, Michael A.",2026,324.0,298.0,0.0,-3.829457355282631,0,2025,0.0,0.0,0.0,0.0,0.0,0.0,0.0,0.0,0.0,0.0,0.0,0.0,0.0,0.0,26.0,0.0,0.0,0.0,0.0,0.0,0.0,9.07168e-05,310.0
572233,"Walker, Christian",2026,639.0,548.0,0.0,-6.475565809668315,0,2025,0.0,0.0,0.0,0.0,0.0,0.0,0.0,0.0,0.0,0.0,0.0,0.0,0.0,0.0,91.0,0.0,0.0,0.0,0.0,0.0,0.0,0.0001556739,237.0
573262,"Yastrzemski, Mike",2026,554.0,473.0,0.0,-0.809469724974065,0,2025,0.0,0.0,0.0,0.0,0.0,0.0,0.0,0.0,0.0,0.0,0.0,0.0,0.0,0.0,81.0,0.0,0.0,0.0,0.0,0.0,0.0,0.00016190062,231.0
575929,"Contreras, Willson",2026,562.0,356.0,0.0,-1.8625309198682636,0,2025,0.0,0.0,0.0,0.0,0.0,0.0,0.0,0.0,0.0,0.0,0.0,0.0,0.0,0.0,206.0,0.0,0.0,0.0,0.0,0.0,0.0,0.00013213846,261.0
578428,"Iglesias, Jose",2026,343.0,290.0,0.0,-9.988646235218,0,2025,0.0,0.0,0.0,0.0,0.0,0.0,0.0,0.0,0.0,0.0,0.0,0.0,0.0,0.0,53.0,0.0,0.0,0.0,0.0,0.0,0.0,8.886847e-05,326.0
592192,"Canha, Mark",2026,125.0,460.0,0.0,-9.827938096612147,0,2025,0.0,0.0,0.0,0.0,0.0,0.0,0.0,0.0,0.0,0.0,0.0,0.0,0.0,0.0,-335.0,0.0,0.0,0.0,0.0,0.0,0.0,6.406006e-05,357.0
592206,"Castellanos, Nick",2026,589.0,656.0,0.0,-4.391858490277768,0,2025,0.0,0.0,0.0,0.0,0.0,0.0,0.0,0.0,0.0,0.0,0.0,0.0,0.0,0.0,-67.0,0.0,0.0,0.0,0.0,0.0,0.0,0.00020711821,171.0
592450,"Judge, Aaron",2026,642.0,684.0,0.0,-7.0549420227656405,0,2025,0.0,0.0,0.0,0.0,0.0,0.0,0.0,0.0,0.0,0.0,0.0,0.0,0.0,0.0,-42.0,0.0,0.0,0.0,0.0,0.0,0.0,0.00018883635,194.0
592518,"Machado, Manny",2026,673.0,637.0,0.0,3.948259896879744,0,2025,0.0,0.0,0.0,0.0,0.0,0.0,0.0,0.0,0.0,0.0,0.0,0.0,0.0,0.0,36.0,0.0,0.0,0.0,0.0,0.0,0.0,0.9615267,40.0
592626,"Pederson, Joc",2026,306.0,447.0,0.0,-4.694178660392538,0,2025,0.0,0.0,0.0,0.0,0.0,0.0,0.0,0.0,0.0,0.0,0.0,0.0,0.0,0.0,-141.0,0.0,0.0,0.0,0.0,0.0,0.0,0.00012014828,285.0
592663,"Realmuto, J.T.",2026,549.0,412.0,0.0,-4.403535388843015,0,2025,0.0,0.0,0.0,0.0,0.0,0.0,0.0,0.0,0.0,0.0,0.0,0.0,0.0,0.0,137.0,0.0,0.0,0.0,0.0,0.0,0.0,0.00013526193,253.0
592669,"Renfroe, Hunter",2026,108.0,424.0,0.0,-8.704596312674393,0,2025,0.0,0.0,0.0,0.0,0.0,0.0,0.0,0.0,0.0,0.0,0.0,0.0,0.0,0.0,-316.0,0.0,0.0,0.0,0.0,0.0,0.0,5.2300074e-05,366.5
592885,"Yelich, Christian",2026,638.0,312.0,0.0,-2.587686906118112,0,2025,0.0,0.0,0.0,0.0,0.0,0.0,0.0,0.0,0.0,0.0,0.0,0.0,0.0,0.0,326.0,0.0,0.0,0.0,0.0,0.0,0.0,0.00013367941,255.0
593428,"Bogaerts, Xander",2026,549.0,462.0,0.0,3.7568783861199937,0,2025,0.0,0.0,0.0,0.0,0.0,0.0,0.0,0.0,0.0,0.0,0.0,0.0,0.0,0.0,87.0,0.0,0.0,0.0,0.0,0.0,0.0,0.9655952,23.5
593871,"Polanco, Jorge",2026,523.0,465.0,0.0,7.740951854440339,1,2025,0.0,0.0,0.0,0.0,0.0,0.0,0.0,0.0,0.0,0.0,0.0,0.0,0.0,0.0,58.0,0.0,0.0,0.0,0.0,0.0,0.0,0.96600837,22.0
595777,"Profar, Jurickson",2026,369.0,664.0,0.0,-0.5184877356197782,0,2025,0.0,0.0,0.0,0.0,0.0,0.0,0.0,0.0,0.0,0.0,0.0,0.0,0.0,0.0,-295.0,0.0,0.0,0.0,0.0,0.0,0.0,0.0001416297,243.5
595879,"Báez, Javier",2026,437.0,288.0,0.0,-6.98251205993839,0,2025,0.0,0.0,0.0,0.0,0.0,0.0,0.0,0.0,0.0,0.0,0.0,0.0,0.0,0.0,149.0,0.0,0.0,0.0,0.0,0.0,0.0,8.98089e-05,324.0
595978,"Hedges, Austin",2026,180.0,146.0,0.0,11.2618548790326,0,2025,0.0,0.0,0.0,0.0,0.0,0.0,0.0,0.0,0.0,0.0,0.0,0.0,0.0,0.0,34.0,0.0,0.0,0.0,0.0,0.0,0.0,0.002232491,161.0
596019,"Lindor, Francisco",2026,730.0,689.0,0.0,-10.94885736636896,0,2025,0.0,0.0,0.0,0.0,0.0,0.0,0.0,0.0,0.0,0.0,0.0,0.0,0.0,0.0,41.0,0.0,0.0,0.0,0.0,0.0,0.0,0.0001856039,199.0
596103,"Slater, Austin",2026,160.0,212.0,0.0,17.163721195797294,0,2025,0.0,0.0,0.0,0.0,0.0,0.0,0.0,0.0,0.0,0.0,0.0,0.0,0.0,0.0,-52.0,0.0,0.0,0.0,0.0,0.0,0.0,0.0022950843,152.5
596115,"Story, Trevor",2026,653.0,104.0,0.0,15.405000031396124,1,2025,0.0,0.0,0.0,0.0,0.0,0.0,0.0,0.0,0.0,0.0,0.0,0.0,0.0,0.0,549.0,0.0,0.0,0.0,0.0,0.0,0.0,0.9364787,97.5
596142,"Sánchez, Gary",2026,101.0,280.0,0.0,4.062657477446533,0,2025,0.0,0.0,0.0,0.0,0.0,0.0,0.0,0.0,0.0,0.0,0.0,0.0,0.0,0.0,-179.0,0.0,0.0,0.0,0.0,0.0,0.0,0.0025775358,148.0
596146,"Kepler, Max",2026,471.0,399.0,0.0,11.358564374607823,1,2025,0.0,0.0,0.0,0.0,0.0,0.0,0.0,0.0,0.0,0.0,0.0,0.0,0.0,0.0,72.0,0.0,0.0,0.0,0.0,0.0,0.0,0.95982033,52.0
602104,"Urías, Ramón",2026,390.0,301.0,0.0,-0.8517152139710078,0,2025,0.0,0.0,0.0,0.0,0.0,0.0,0.0,0.0,0.0,0.0,0.0,0.0,0.0,0.0,89.0,0.0,0.0,0.0,0.0,0.0,0.0,8.98089e-05,324.0
605137,"Bell, Josh",2026,532.0,602.0,0.0,14.510595559396304,1,2025,0.0,0.0,0.0,0.0,0.0,0.0,0.0,0.0,0.0,0.0,0.0,0.0,0.0,0.0,-70.0,0.0,0.0,0.0,0.0,0.0,0.0,0.96751887,14.5
605141,"Betts, Mookie",2026,661.0,513.0,0.0,-8.594572264213785,0,2025,0.0,0.0,0.0,0.0,0.0,0.0,0.0,0.0,0.0,0.0,0.0,0.0,0.0,0.0,148.0,0.0,0.0,0.0,0.0,0.0,0.0,0.00017922898,215.0
605170,"Caratini, Victor",2026,386.0,272.0,0.0,-3.4168399437971324,0,2025,0.0,0.0,0.0,0.0,0.0,0.0,0.0,0.0,0.0,0.0,0.0,0.0,0.0,0.0,114.0,0.0,0.0,0.0,0.0,0.0,0.0,8.98089e-05,324.0
605361,"Martini, Nick",2026,110.0,163.0,0.0,-12.416190450727878,0,2025,0.0,0.0,0.0,0.0,0.0,0.0,0.0,0.0,0.0,0.0,0.0,0.0,0.0,0.0,-53.0,0.0,0.0,0.0,0.0,0.0,0.0,4.740178e-05,392.0
606115,"Arcia, Orlando",2026,214.0,601.0,0.0,-11.960456846754704,0,2025,0.0,0.0,0.0,0.0,0.0,0.0,0.0,0.0,0.0,0.0,0.0,0.0,0.0,0.0,-387.0,0.0,0.0,0.0,0.0,0.0,0.0,6.698676e-05,352.0
606192,"Hernández, Teoscar",2026,545.0,649.0,0.0,-7.434231073201055,0,2025,0.0,0.0,0.0,0.0,0.0,0.0,0.0,0.0,0.0,0.0,0.0,0.0,0.0,0.0,-104.0,0.0,0.0,0.0,0.0,0.0,0.0,0.00019947754,186.5
606466,"Marte, Ketel",2026,550.0,576.0,0.0,-2.696276697749679,0,2025,0.0,0.0,0.0,0.0,0.0,0.0,0.0,0.0,0.0,0.0,0.0,0.0,0.0,0.0,-26.0,0.0,0.0,0.0,0.0,0.0,0.0,0.0001811956,208.0
607043,"Nimmo, Brandon",2026,651.0,661.0,0.0,-4.119965488671887,0,2025,0.0,0.0,0.0,0.0,0.0,0.0,0.0,0.0,0.0,0.0,0.0,0.0,0.0,0.0,-10.0,0.0,0.0,0.0,0.0,0.0,0.0,0.00018445186,202.5
607208,"Turner, Trea",2026,638.0,539.0,0.0,-4.034684750304333,0,2025,0.0,0.0,0.0,0.0,0.0,0.0,0.0,0.0,0.0,0.0,0.0,0.0,0.0,0.0,99.0,0.0,0.0,0.0,0.0,0.0,0.0,0.0001649671,228.0
607732,"Stallings, Jacob",2026,129.0,280.0,0.0,-12.41392104867337,0,2025,0.0,0.0,0.0,0.0,0.0,0.0,0.0,0.0,0.0,0.0,0.0,0.0,0.0,0.0,-151.0,0.0,0.0,0.0,0.0,0.0,0.0,4.9610346e-05,383.5
608070,"Ramírez, José",2026,651.0,670.0,0.0,-7.539632951800359,0,2025,0.0,0.0,0.0,0.0,0.0,0.0,0.0,0.0,0.0,0.0,0.0,0.0,0.0,0.0,-19.0,0.0,0.0,0.0,0.0,0.0,0.0,0.00018445186,202.5
608324,"Bregman, Alex",2026,492.0,633.0,0.0,0.7658034234420148,0,2025,0.0,0.0,0.0,0.0,0.0,0.0,0.0,0.0,0.0,0.0,0.0,0.0,0.0,0.0,-141.0,0.0,0.0,0.0,0.0,0.0,0.0,0.9681341,9.0
608348,"Kelly, Carson",2026,421.0,313.0,0.0,6.858984114696661,1,2025,0.0,0.0,0.0,0.0,0.0,0.0,0.0,0.0,0.0,0.0,0.0,0.0,0.0,0.0,108.0,0.0,0.0,0.0,0.0,0.0,0.0,0.93639743,99.0
608369,"Seager, Corey",2026,435.0,522.0,0.0,2.407454726619286,0,2025,0.0,0.0,0.0,0.0,0.0,0.0,0.0,0.0,0.0,0.0,0.0,0.0,0.0,0.0,-87.0,0.0,0.0,0.0,0.0,0.0,0.0,0.95924455,58.0
608701,"Refsnyder, Rob",2026,208.0,305.0,0.0,9.267085365874244,0,2025,0.0,0.0,0.0,0.0,0.0,0.0,0.0,0.0,0.0,0.0,0.0,0.0,0.0,0.0,-97.0,0.0,0.0,0.0,0.0,0.0,0.0,0.0026543278,145.0
609280,"Andujar, Miguel",2026,340.0,319.0,0.0,3.6062238630627874,0,2025,0.0,0.0,0.0,0.0,0.0,0.0,0.0,0.0,0.0,0.0,0.0,0.0,0.0,0.0,21.0,0.0,0.0,0.0,0.0,0.0,0.0,0.93865085,96.0
620443,"Torrens, Luis",2026,283.0,130.0,0.0,2.135930886428357,0,2025,0.0,0.0,0.0,0.0,0.0,0.0,0.0,0.0,0.0,0.0,0.0,0.0,0.0,0.0,153.0,0.0,0.0,0.0,0.0,0.0,0.0,0.9080707,119.0
621020,"Swanson, Dansby",2026,644.0,590.0,0.0,2.249384492394134,0,2025,0.0,0.0,0.0,0.0,0.0,0.0,0.0,0.0,0.0,0.0,0.0,0.0,0.0,0.0,54.0,0.0,0.0,0.0,0.0,0.0,0.0,0.95980746,53.0
621028,"Newman, Kevin",2026,116.0,310.0,0.0,3.864605048797351,0,2025,0.0,0.0,0.0,0.0,0.0,0.0,0.0,0.0,0.0,0.0,0.0,0.0,0.0,0.0,-194.0,0.0,0.0,0.0,0.0,0.0,0.0,0.0026543278,145.0
621035,"Taylor, Chris",2026,125.0,246.0,0.0,-5.741299884669658,0,2025,0.0,0.0,0.0,0.0,0.0,0.0,0.0,0.0,0.0,0.0,0.0,0.0,0.0,0.0,-121.0,0.0,0.0,0.0,0.0,0.0,0.0,4.740178e-05,392.0
621043,"Correa, Carlos",2026,584.0,363.0,0.0,-3.650991666003956,0,2025,0.0,0.0,0.0,0.0,0.0,0.0,0.0,0.0,0.0,0.0,0.0,0.0,0.0,0.0,221.0,0.0,0.0,0.0,0.0,0.0,0.0,0.00013766788,248.0
621438,"Taylor, Tyrone",2026,340.0,344.0,0.0,-10.859428684256075,0,2025,0.0,0.0,0.0,0.0,0.0,0.0,0.0,0.0,0.0,0.0,0.0,0.0,0.0,0.0,-4.0,0.0,0.0,0.0,0.0,0.0,0.0,9.6922144e-05,305.0
621439,"Buxton, Byron",2026,537.0,387.0,0.0,5.942507527414728,0,2025,0.0,0.0,0.0,0.0,0.0,0.0,0.0,0.0,0.0,0.0,0.0,0.0,0.0,0.0,150.0,0.0,0.0,0.0,0.0,0.0,0.0,0.9584195,63.5
621493,"Ward, Taylor",2026,662.0,663.0,0.0,-0.9226613194327216,0,2025,0.0,0.0,0.0,0.0,0.0,0.0,0.0,0.0,0.0,0.0,0.0,0.0,0.0,0.0,-1.0,0.0,0.0,0.0,0.0,0.0,0.0,0.00020039792,178.5
621566,"Olson, Matt",2026,722.0,679.0,0.0,3.6724128215932983,0,2025,0.0,0.0,0.0,0.0,0.0,0.0,0.0,0.0,0.0,0.0,0.0,0.0,0.0,0.0,43.0,0.0,0.0,0.0,0.0,0.0,0.0,0.9610703,43.5
623168,"Heineman, Tyler",2026,174.0,174.0,0.0,9.027299431370604,0,2025,0.0,0.0,0.0,0.0,0.0,0.0,0.0,0.0,0.0,0.0,0.0,0.0,0.0,0.0,0.0,0.0,0.0,0.0,0.0,0.0,0.0,0.0021628744,167.0
623993,"Santander, Anthony",2026,220.0,662.0,0.0,-9.0498545224866,0,2025,0.0,0.0,0.0,0.0,0.0,0.0,0.0,0.0,0.0,0.0,0.0,0.0,0.0,0.0,-442.0,0.0,0.0,0.0,0.0,0.0,0.0,7.147168e-05,347.0
624413,"Alonso, Pete",2026,704.0,690.0,0.0,11.93498446688587,1,2025,0.0,0.0,0.0,0.0,0.0,0.0,0.0,0.0,0.0,0.0,0.0,0.0,0.0,0.0,14.0,0.0,0.0,0.0,0.0,0.0,0.0,0.9628629,36.0
624424,"Conforto, Michael",2026,486.0,487.0,0.0,-3.702151018695392,0,2025,0.0,0.0,0.0,0.0,0.0,0.0,0.0,0.0,0.0,0.0,0.0,0.0,0.0,0.0,-1.0,0.0,0.0,0.0,0.0,0.0,0.0,0.0001736514,221.0
624428,"Frazier, Adam",2026,457.0,294.0,0.0,-3.8421409893335112,0,2025,0.0,0.0,0.0,0.0,0.0,0.0,0.0,0.0,0.0,0.0,0.0,0.0,0.0,0.0,163.0,0.0,0.0,0.0,0.0,0.0,0.0,0.0001245481,276.5
624431,"Trevino, Jose",2026,302.0,234.0,0.0,-2.3197121950895374,0,2025,0.0,0.0,0.0,0.0,0.0,0.0,0.0,0.0,0.0,0.0,0.0,0.0,0.0,0.0,68.0,0.0,0.0,0.0,0.0,0.0,0.0,8.49122e-05,344.0
624512,"McGuire, Reese",2026,139.0,158.0,0.0,7.1215804175810895,0,2025,0.0,0.0,0.0,0.0,0.0,0.0,0.0,0.0,0.0,0.0,0.0,0.0,0.0,0.0,-19.0,0.0,0.0,0.0,0.0,0.0,0.0,0.0021628744,167.0
624585,"Soler, Jorge",2026,315.0,574.0,0.0,-7.278698417186185,0,2025,0.0,0.0,0.0,0.0,0.0,0.0,0.0,0.0,0.0,0.0,0.0,0.0,0.0,0.0,-259.0,0.0,0.0,0.0,0.0,0.0,0.0,0.000132743,258.5
624641,"Sosa, Edmundo",2026,261.0,274.0,0.0,-9.543965912629863,0,2025,0.0,0.0,0.0,0.0,0.0,0.0,0.0,0.0,0.0,0.0,0.0,0.0,0.0,0.0,-13.0,0.0,0.0,0.0,0.0,0.0,0.0,5.2769345e-05,363.0
628451,"Ibáñez, Andy",2026,193.0,244.0,0.0,-2.2809816557999283,0,2025,0.0,0.0,0.0,0.0,0.0,0.0,0.0,0.0,0.0,0.0,0.0,0.0,0.0,0.0,-51.0,0.0,0.0,0.0,0.0,0.0,0.0,4.740178e-05,392.0
630105,"Cronenworth, Jake",2026,514.0,656.0,0.0,-2.0177053897090182,0,2025,0.0,0.0,0.0,0.0,0.0,0.0,0.0,0.0,0.0,0.0,0.0,0.0,0.0,0.0,-142.0,0.0,0.0,0.0,0.0,0.0,0.0,0.00019947754,186.5
641343,"Bauers, Jake",2026,217.0,345.0,0.0,4.973511750652823,0,2025,0.0,0.0,0.0,0.0,0.0,0.0,0.0,0.0,0.0,0.0,0.0,0.0,0.0,0.0,-128.0,0.0,0.0,0.0,0.0,0.0,0.0,0.0027950106,142.5
641355,"Bellinger, Cody",2026,655.0,562.0,0.0,7.125103326448747,1,2025,0.0,0.0,0.0,0.0,0.0,0.0,0.0,0.0,0.0,0.0,0.0,0.0,0.0,0.0,93.0,0.0,0.0,0.0,0.0,0.0,0.0,0.95999444,50.5
641487,"Crawford, J.P.",2026,652.0,451.0,0.0,-8.537131759672326,0,2025,0.0,0.0,0.0,0.0,0.0,0.0,0.0,0.0,0.0,0.0,0.0,0.0,0.0,0.0,201.0,0.0,0.0,0.0,0.0,0.0,0.0,0.00015999704,233.0
641584,"Fraley, Jake",2026,216.0,382.0,0.0,6.009559597824576,0,2025,0.0,0.0,0.0,0.0,0.0,0.0,0.0,0.0,0.0,0.0,0.0,0.0,0.0,0.0,-166.0,0.0,0.0,0.0,0.0,0.0,0.0,0.003044066,139.0
641598,"Garver, Mitch",2026,289.0,430.0,0.0,0.6489776191447334,0,2025,0.0,0.0,0.0,0.0,0.0,0.0,0.0,0.0,0.0,0.0,0.0,0.0,0.0,0.0,-141.0,0.0,0.0,0.0,0.0,0.0,0.0,0.06385374,128.0
641680,"Heim, Jonah",2026,433.0,491.0,0.0,-0.9356404118121124,0,2025,0.0,0.0,0.0,0.0,0.0,0.0,0.0,0.0,0.0,0.0,0.0,0.0,0.0,0.0,-58.0,0.0,0.0,0.0,0.0,0.0,0.0,0.00013610277,250.0
641857,"McMahon, Ryan",2026,585.0,640.0,0.0,0.6325977076161109,0,2025,0.0,0.0,0.0,0.0,0.0,0.0,0.0,0.0,0.0,0.0,0.0,0.0,0.0,0.0,-55.0,0.0,0.0,0.0,0.0,0.0,0.0,0.14828168,126.0
641933,"O'Neill, Tyler",2026,208.0,468.0,0.0,-10.26618641627971,0,2025,0.0,0.0,0.0,0.0,0.0,0.0,0.0,0.0,0.0,0.0,0.0,0.0,0.0,0.0,-260.0,0.0,0.0,0.0,0.0,0.0,0.0,6.406006e-05,357.0
641943,"Palacios, Joshua",2026,145.0,264.0,0.0,-6.324426284991896,0,2025,0.0,0.0,0.0,0.0,0.0,0.0,0.0,0.0,0.0,0.0,0.0,0.0,0.0,0.0,-119.0,0.0,0.0,0.0,0.0,0.0,0.0,4.740178e-05,392.0
642086,"Smith, Dominic",2026,225.0,307.0,0.0,-13.836583434854877,0,2025,0.0,0.0,0.0,0.0,0.0,0.0,0.0,0.0,0.0,0.0,0.0,0.0,0.0,0.0,-82.0,0.0,0.0,0.0,0.0,0.0,0.0,5.1092262e-05,374.0
642133,"Tellez, Rowdy",2026,312.0,421.0,0.0,17.56309737129758,1,2025,0.0,0.0,0.0,0.0,0.0,0.0,0.0,0.0,0.0,0.0,0.0,0.0,0.0,0.0,-109.0,0.0,0.0,0.0,0.0,0.0,0.0,0.94763607,79.0
642136,"Thaiss, Matt",2026,190.0,186.0,0.0,-4.038105867660879,0,2025,0.0,0.0,0.0,0.0,0.0,0.0,0.0,0.0,0.0,0.0,0.0,0.0,0.0,0.0,4.0,0.0,0.0,0.0,0.0,0.0,0.0,4.442115e-05,428.0
642180,"Wade, Tyler",2026,127.0,156.0,0.0,-2.961894692227949,0,2025,0.0,0.0,0.0,0.0,0.0,0.0,0.0,0.0,0.0,0.0,0.0,0.0,0.0,0.0,-29.0,0.0,0.0,0.0,0.0,0.0,0.0,4.442115e-05,428.0
642201,"White, Eli",2026,270.0,117.0,0.0,12.43882316779829,1,2025,0.0,0.0,0.0,0.0,0.0,0.0,0.0,0.0,0.0,0.0,0.0,0.0,0.0,0.0,153.0,0.0,0.0,0.0,0.0,0.0,0.0,0.90552676,121.5
642215,"Wilson, Weston",2026,125.0,,0.0,-2.0831054531234163,0,2025,0.0,0.0,0.0,0.0,0.0,0.0,0.0,0.0,0.0,0.0,0.0,0.0,0.0,0.0,,0.0,0.0,0.0,0.0,0.0,0.0,4.442115e-05,428.0
642708,"Rosario, Amed",2026,191.0,346.0,0.0,8.817871090575597,0,2025,0.0,0.0,0.0,0.0,0.0,0.0,0.0,0.0,0.0,0.0,0.0,0.0,0.0,0.0,-155.0,0.0,0.0,0.0,0.0,0.0,0.0,0.0028522916,141.0
642715,"Adames, Willy",2026,683.0,685.0,0.0,-3.725155080016015,0,2025,0.0,0.0,0.0,0.0,0.0,0.0,0.0,0.0,0.0,0.0,0.0,0.0,0.0,0.0,-2.0,0.0,0.0,0.0,0.0,0.0,0.0,0.00020039792,178.5
642731,"Estrada, Thairo",2026,165.0,381.0,0.0,-2.3879569138757413,0,2025,0.0,0.0,0.0,0.0,0.0,0.0,0.0,0.0,0.0,0.0,0.0,0.0,0.0,0.0,-216.0,0.0,0.0,0.0,0.0,0.0,0.0,5.2300074e-05,366.5
642851,"Wynns, Austin",2026,110.0,145.0,0.0,18.711724176806115,0,2025,0.0,0.0,0.0,0.0,0.0,0.0,0.0,0.0,0.0,0.0,0.0,0.0,0.0,0.0,-35.0,0.0,0.0,0.0,0.0,0.0,0.0,0.0022854481,156.0
643217,"Benintendi, Andrew",2026,468.0,521.0,0.0,5.1682229994241125,0,2025,0.0,0.0,0.0,0.0,0.0,0.0,0.0,0.0,0.0,0.0,0.0,0.0,0.0,0.0,-53.0,0.0,0.0,0.0,0.0,0.0,0.0,0.9694081,1.5
643289,"Dubón, Mauricio",2026,398.0,428.0,0.0,-7.114554596323876,0,2025,0.0,0.0,0.0,0.0,0.0,0.0,0.0,0.0,0.0,0.0,0.0,0.0,0.0,0.0,-30.0,0.0,0.0,0.0,0.0,0.0,0.0,0.000100418445,296.5
643376,"Jansen, Danny",2026,337.0,324.0,0.0,1.8837536037776572,0,2025,0.0,0.0,0.0,0.0,0.0,0.0,0.0,0.0,0.0,0.0,0.0,0.0,0.0,0.0,13.0,0.0,0.0,0.0,0.0,0.0,0.0,0.94156605,93.5
643396,"Kiner-Falefa, Isiah",2026,459.0,496.0,0.0,-6.127919511002022,0,2025,0.0,0.0,0.0,0.0,0.0,0.0,0.0,0.0,0.0,0.0,0.0,0.0,0.0,0.0,-37.0,0.0,0.0,0.0,0.0,0.0,0.0,0.00018108368,209.5
643446,"McNeil, Jeff",2026,458.0,471.0,0.0,6.412250125547239,0,2025,0.0,0.0,0.0,0.0,0.0,0.0,0.0,0.0,0.0,0.0,0.0,0.0,0.0,0.0,-13.0,0.0,0.0,0.0,0.0,0.0,0.0,0.96715564,20.0
643565,"Tauchman, Mike",2026,385.0,350.0,0.0,-5.02822615896099,0,2025,0.0,0.0,0.0,0.0,0.0,0.0,0.0,0.0,0.0,0.0,0.0,0.0,0.0,0.0,35.0,0.0,0.0,0.0,0.0,0.0,0.0,9.34265e-05,308.0
645277,"Albies, Ozzie",2026,665.0,435.0,0.0,-7.478019870530344,0,2025,0.0,0.0,0.0,0.0,0.0,0.0,0.0,0.0,0.0,0.0,0.0,0.0,0.0,0.0,230.0,0.0,0.0,0.0,0.0,0.0,0.0,0.00015047584,238.5
645302,"Robles, Victor",2026,114.0,295.0,0.0,-7.225235960776921,0,2025,0.0,0.0,0.0,0.0,0.0,0.0,0.0,0.0,0.0,0.0,0.0,0.0,0.0,0.0,-181.0,0.0,0.0,0.0,0.0,0.0,0.0,4.9610346e-05,383.5
645444,"Herrera, Jose",2026,204.0,114.0,0.0,-3.223292005685638,0,2025,0.0,0.0,0.0,0.0,0.0,0.0,0.0,0.0,0.0,0.0,0.0,0.0,0.0,0.0,90.0,0.0,0.0,0.0,0.0,0.0,0.0,4.397656e-05,459.0
646240,"Devers, Rafael",2026,718.0,587.0,0.0,3.589373825621275,0,2025,0.0,0.0,0.0,0.0,0.0,0.0,0.0,0.0,0.0,0.0,0.0,0.0,0.0,0.0,131.0,0.0,0.0,0.0,0.0,0.0,0.0,0.9593221,55.0
647304,"Naylor, Josh",2026,600.0,625.0,0.0,-9.198085032129931,0,2025,0.0,0.0,0.0,0.0,0.0,0.0,0.0,0.0,0.0,0.0,0.0,0.0,0.0,0.0,-25.0,0.0,0.0,0.0,0.0,0.0,0.0,0.00018270129,207.0
647351,"Toro, Abraham",2026,283.0,363.0,0.0,0.8770597024846274,0,2025,0.0,0.0,0.0,0.0,0.0,0.0,0.0,0.0,0.0,0.0,0.0,0.0,0.0,0.0,-80.0,0.0,0.0,0.0,0.0,0.0,0.0,0.9346021,102.0
649966,"Urías, Luis",2026,330.0,109.0,0.0,-10.841884650133755,0,2025,0.0,0.0,0.0,0.0,0.0,0.0,0.0,0.0,0.0,0.0,0.0,0.0,0.0,0.0,221.0,0.0,0.0,0.0,0.0,0.0,0.0,8.581076e-05,337.0
650333,"Arraez, Luis",2026,675.0,669.0,0.0,-5.4135592356135245,0,2025,0.0,0.0,0.0,0.0,0.0,0.0,0.0,0.0,0.0,0.0,0.0,0.0,0.0,0.0,6.0,0.0,0.0,0.0,0.0,0.0,0.0,0.00020039792,178.5
650402,"Torres, Gleyber",2026,628.0,665.0,0.0,4.121722690725255,0,2025,0.0,0.0,0.0,0.0,0.0,0.0,0.0,0.0,0.0,0.0,0.0,0.0,0.0,0.0,-37.0,0.0,0.0,0.0,0.0,0.0,0.0,0.9636941,31.5
650489,"Castro, Willi",2026,453.0,635.0,0.0,-4.052688582254634,0,2025,0.0,0.0,0.0,0.0,0.0,0.0,0.0,0.0,0.0,0.0,0.0,0.0,0.0,0.0,-182.0,0.0,0.0,0.0,0.0,0.0,0.0,0.00019302941,193.0
650490,"Díaz, Yandy",2026,647.0,621.0,0.0,0.3153487286135529,0,2025,0.0,0.0,0.0,0.0,0.0,0.0,0.0,0.0,0.0,0.0,0.0,0.0,0.0,0.0,26.0,0.0,0.0,0.0,0.0,0.0,0.0,0.00017779988,218.0
650859,"Rengifo, Luis",2026,541.0,304.0,0.0,-2.100907186060072,0,2025,0.0,0.0,0.0,0.0,0.0,0.0,0.0,0.0,0.0,0.0,0.0,0.0,0.0,0.0,237.0,0.0,0.0,0.0,0.0,0.0,0.0,0.00013000901,262.5
650968,"Pozo, Yohel",2026,168.0,,0.0,-2.0831054531234163,0,2025,0.0,0.0,0.0,0.0,0.0,0.0,0.0,0.0,0.0,0.0,0.0,0.0,0.0,0.0,,0.0,0.0,0.0,0.0,0.0,0.0,4.442115e-05,428.0
655316,"Monasterio, Andruw",2026,135.0,142.0,0.0,-10.02530050947684,0,2025,0.0,0.0,0.0,0.0,0.0,0.0,0.0,0.0,0.0,0.0,0.0,0.0,0.0,0.0,-7.0,0.0,0.0,0.0,0.0,0.0,0.0,4.442115e-05,428.0
656180,"Adams, Riley",2026,286.0,129.0,0.0,4.243564229082022,0,2025,0.0,0.0,0.0,0.0,0.0,0.0,0.0,0.0,0.0,0.0,0.0,0.0,0.0,0.0,157.0,0.0,0.0,0.0,0.0,0.0,0.0,0.9080707,119.0
656305,"Chapman, Matt",2026,534.0,643.0,0.0,-8.146887062035093,0,2025,0.0,0.0,0.0,0.0,0.0,0.0,0.0,0.0,0.0,0.0,0.0,0.0,0.0,0.0,-109.0,0.0,0.0,0.0,0.0,0.0,0.0,0.00019947754,186.5
656537,"Hill, Derek",2026,149.0,172.0,0.0,10.227088616459705,0,2025,0.0,0.0,0.0,0.0,0.0,0.0,0.0,0.0,0.0,0.0,0.0,0.0,0.0,0.0,-23.0,0.0,0.0,0.0,0.0,0.0,0.0,0.0021628744,167.0
656555,"Hoskins, Rhys",2026,326.0,516.0,0.0,-5.3025078800366545,0,2025,0.0,0.0,0.0,0.0,0.0,0.0,0.0,0.0,0.0,0.0,0.0,0.0,0.0,0.0,-190.0,0.0,0.0,0.0,0.0,0.0,0.0,0.00013610277,250.0
656577,"Jackson, Alex",2026,100.0,155.0,0.0,5.426655135783323,0,2025,0.0,0.0,0.0,0.0,0.0,0.0,0.0,0.0,0.0,0.0,0.0,0.0,0.0,0.0,-55.0,0.0,0.0,0.0,0.0,0.0,0.0,0.0022888277,155.0
656716,"McKinstry, Zach",2026,510.0,325.0,0.0,0.1619713554745079,0,2025,0.0,0.0,0.0,0.0,0.0,0.0,0.0,0.0,0.0,0.0,0.0,0.0,0.0,0.0,185.0,0.0,0.0,0.0,0.0,0.0,0.0,0.00013000901,262.5
656775,"Mullins, Cedric",2026,498.0,499.0,0.0,5.0257692724926475,0,2025,0.0,0.0,0.0,0.0,0.0,0.0,0.0,0.0,0.0,0.0,0.0,0.0,0.0,0.0,-1.0,0.0,0.0,0.0,0.0,0.0,0.0,0.9690653,3.5
656811,"O'Hearn, Ryan",2026,540.0,492.0,0.0,-1.2629018686441975,0,2025,0.0,0.0,0.0,0.0,0.0,0.0,0.0,0.0,0.0,0.0,0.0,0.0,0.0,0.0,48.0,0.0,0.0,0.0,0.0,0.0,0.0,0.00016929336,224.0
656896,"Rivera, Emmanuel",2026,127.0,302.0,0.0,-17.71451960548426,0,2025,0.0,0.0,0.0,0.0,0.0,0.0,0.0,0.0,0.0,0.0,0.0,0.0,0.0,0.0,-175.0,0.0,0.0,0.0,0.0,0.0,0.0,4.9610346e-05,383.5
656941,"Schwarber, Kyle",2026,717.0,688.0,0.0,5.826662723743764,0,2025,0.0,0.0,0.0,0.0,0.0,0.0,0.0,0.0,0.0,0.0,0.0,0.0,0.0,0.0,29.0,0.0,0.0,0.0,0.0,0.0,0.0,0.9615267,40.0
656976,"Smith, Pavin",2026,287.0,158.0,0.0,-3.4164210709023837,0,2025,0.0,0.0,0.0,0.0,0.0,0.0,0.0,0.0,0.0,0.0,0.0,0.0,0.0,0.0,129.0,0.0,0.0,0.0,0.0,0.0,0.0,8.229837e-05,346.0
657041,"Thomas, Lane",2026,142.0,527.0,0.0,-7.035529850119367,0,2025,0.0,0.0,0.0,0.0,0.0,0.0,0.0,0.0,0.0,0.0,0.0,0.0,0.0,0.0,-385.0,0.0,0.0,0.0,0.0,0.0,0.0,6.723623e-05,350.0
657077,"Verdugo, Alex",2026,213.0,620.0,0.0,-7.233978269107616,0,2025,0.0,0.0,0.0,0.0,0.0,0.0,0.0,0.0,0.0,0.0,0.0,0.0,0.0,0.0,-407.0,0.0,0.0,0.0,0.0,0.0,0.0,6.925069e-05,348.0
657136,"Wong, Connor",2026,188.0,486.0,0.0,-8.277787382114951,0,2025,0.0,0.0,0.0,0.0,0.0,0.0,0.0,0.0,0.0,0.0,0.0,0.0,0.0,0.0,-298.0,0.0,0.0,0.0,0.0,0.0,0.0,6.60092e-05,354.0
657557,"DeJong, Paul",2026,208.0,482.0,0.0,-2.315381268109575,0,2025,0.0,0.0,0.0,0.0,0.0,0.0,0.0,0.0,0.0,0.0,0.0,0.0,0.0,0.0,-274.0,0.0,0.0,0.0,0.0,0.0,0.0,6.60092e-05,354.0
657656,"Laureano, Ramón",2026,487.0,309.0,0.0,6.641221639816621,0,2025,0.0,0.0,0.0,0.0,0.0,0.0,0.0,0.0,0.0,0.0,0.0,0.0,0.0,0.0,178.0,0.0,0.0,0.0,0.0,0.0,0.0,0.9519733,73.0
657757,"Sheets, Gavin",2026,544.0,498.0,0.0,13.238212045705698,1,2025,0.0,0.0,0.0,0.0,0.0,0.0,0.0,0.0,0.0,0.0,0.0,0.0,0.0,0.0,46.0,0.0,0.0,0.0,0.0,0.0,0.0,0.967562,11.0
660162,"Moncada, Yoán",2026,287.0,357.0,0.0,3.5453858735579247,0,2025,0.0,0.0,0.0,0.0,0.0,0.0,0.0,0.0,0.0,0.0,0.0,0.0,0.0,0.0,-70.0,0.0,0.0,0.0,0.0,0.0,0.0,0.93290985,103.0
660271,"Ohtani, Shohei",2026,707.0,721.0,0.0,-2.560759673951917,0,2025,0.0,0.0,0.0,0.0,0.0,0.0,0.0,0.0,0.0,0.0,0.0,0.0,0.0,0.0,-14.0,0.0,0.0,0.0,0.0,0.0,0.0,0.00020039792,178.5
660670,"Acuña Jr., Ronald",2026,408.0,222.0,0.0,7.589915260891681,1,2025,0.0,0.0,0.0,0.0,0.0,0.0,0.0,0.0,0.0,0.0,0.0,0.0,0.0,0.0,186.0,0.0,0.0,0.0,0.0,0.0,0.0,0.92714256,108.0
660688,"Ruiz, Keibert",2026,267.0,485.0,0.0,-1.9365090199042672,0,2025,0.0,0.0,0.0,0.0,0.0,0.0,0.0,0.0,0.0,0.0,0.0,0.0,0.0,0.0,-218.0,0.0,0.0,0.0,0.0,0.0,0.0,0.00012812395,270.0
660821,"Sánchez, Jesús",2026,496.0,534.0,0.0,-7.818514156370777,0,2025,0.0,0.0,0.0,0.0,0.0,0.0,0.0,0.0,0.0,0.0,0.0,0.0,0.0,0.0,-38.0,0.0,0.0,0.0,0.0,0.0,0.0,0.00018713284,196.0
660844,"Rivas, Leo",2026,111.0,,0.0,-2.0831054531234163,0,2025,0.0,0.0,0.0,0.0,0.0,0.0,0.0,0.0,0.0,0.0,0.0,0.0,0.0,0.0,,0.0,0.0,0.0,0.0,0.0,0.0,4.442115e-05,428.0
661388,"Contreras, William",2026,655.0,674.0,0.0,-8.403029379780202,0,2025,0.0,0.0,0.0,0.0,0.0,0.0,0.0,0.0,0.0,0.0,0.0,0.0,0.0,0.0,-19.0,0.0,0.0,0.0,0.0,0.0,0.0,0.00020039792,178.5
662139,"Varsho, Daulton",2026,270.0,512.0,0.0,14.805812180114543,1,2025,0.0,0.0,0.0,0.0,0.0,0.0,0.0,0.0,0.0,0.0,0.0,0.0,0.0,0.0,-242.0,0.0,0.0,0.0,0.0,0.0,0.0,0.9447571,85.0
663330,"Jones, Jahmai",2026,149.0,,0.0,-2.0831054531234163,0,2025,0.0,0.0,0.0,0.0,0.0,0.0,0.0,0.0,0.0,0.0,0.0,0.0,0.0,0.0,,0.0,0.0,0.0,0.0,0.0,0.0,4.442115e-05,428.0
663368,"Perkins, Blake",2026,171.0,433.0,0.0,-0.8929379096925095,0,2025,0.0,0.0,0.0,0.0,0.0,0.0,0.0,0.0,0.0,0.0,0.0,0.0,0.0,0.0,-262.0,0.0,0.0,0.0,0.0,0.0,0.0,5.293542e-05,361.5
663457,"Nootbaar, Lars",2026,580.0,403.0,0.0,0.0123918986705302,0,2025,0.0,0.0,0.0,0.0,0.0,0.0,0.0,0.0,0.0,0.0,0.0,0.0,0.0,0.0,177.0,0.0,0.0,0.0,0.0,0.0,0.0,0.00014036536,247.0
663538,"Hoerner, Nico",2026,648.0,640.0,0.0,3.9672662780465537,0,2025,0.0,0.0,0.0,0.0,0.0,0.0,0.0,0.0,0.0,0.0,0.0,0.0,0.0,0.0,8.0,0.0,0.0,0.0,0.0,0.0,0.0,0.9628629,36.0
663586,"Riley, Austin",2026,446.0,469.0,0.0,-2.6611292936326456,0,2025,0.0,0.0,0.0,0.0,0.0,0.0,0.0,0.0,0.0,0.0,0.0,0.0,0.0,0.0,-23.0,0.0,0.0,0.0,0.0,0.0,0.0,0.0001456441,240.0
663604,"Lockridge, Brandon",2026,148.0,,0.0,-2.0831054531234163,0,2025,0.0,0.0,0.0,0.0,0.0,0.0,0.0,0.0,0.0,0.0,0.0,0.0,0.0,0.0,,0.0,0.0,0.0,0.0,0.0,0.0,4.442115e-05,428.0
663616,"Larnach, Trevor",2026,565.0,399.0,0.0,-7.373749217401208,0,2025,0.0,0.0,0.0,0.0,0.0,0.0,0.0,0.0,0.0,0.0,0.0,0.0,0.0,0.0,166.0,0.0,0.0,0.0,0.0,0.0,0.0,0.00013526193,253.0
663624,"Mountcastle, Ryan",2026,357.0,507.0,0.0,4.858945751326656,0,2025,0.0,0.0,0.0,0.0,0.0,0.0,0.0,0.0,0.0,0.0,0.0,0.0,0.0,0.0,-150.0,0.0,0.0,0.0,0.0,0.0,0.0,0.95924455,58.0
663647,"Hayes, Ke'Bryan",2026,569.0,395.0,0.0,4.347326523112873,0,2025,0.0,0.0,0.0,0.0,0.0,0.0,0.0,0.0,0.0,0.0,0.0,0.0,0.0,0.0,174.0,0.0,0.0,0.0,0.0,0.0,0.0,0.9603371,48.5
663656,"Tucker, Kyle",2026,590.0,336.0,0.0,-6.753002341400521,0,2025,0.0,0.0,0.0,0.0,0.0,0.0,0.0,0.0,0.0,0.0,0.0,0.0,0.0,0.0,254.0,0.0,0.0,0.0,0.0,0.0,0.0,0.00013241064,260.0
663697,"India, Jonathan",2026,566.0,637.0,0.0,-1.4930154579076955,0,2025,0.0,0.0,0.0,0.0,0.0,0.0,0.0,0.0,0.0,0.0,0.0,0.0,0.0,0.0,-71.0,0.0,0.0,0.0,0.0,0.0,0.0,0.0002027444,172.5
663698,"Bart, Joey",2026,332.0,282.0,0.0,0.6309584848943556,0,2025,0.0,0.0,0.0,0.0,0.0,0.0,0.0,0.0,0.0,0.0,0.0,0.0,0.0,0.0,50.0,0.0,0.0,0.0,0.0,0.0,0.0,0.04154334,129.0
663728,"Raleigh, Cal",2026,688.0,624.0,0.0,3.573540433985852,0,2025,0.0,0.0,0.0,0.0,0.0,0.0,0.0,0.0,0.0,0.0,0.0,0.0,0.0,0.0,64.0,0.0,0.0,0.0,0.0,0.0,0.0,0.9610703,43.5
663743,"Fortes, Nick",2026,242.0,334.0,0.0,21.440793742487767,0,2025,0.0,0.0,0.0,0.0,0.0,0.0,0.0,0.0,0.0,0.0,0.0,0.0,0.0,0.0,-92.0,0.0,0.0,0.0,0.0,0.0,0.0,0.0030922473,138.0
663757,"Grisham, Trent",2026,581.0,208.0,0.0,5.785257474275058,0,2025,0.0,0.0,0.0,0.0,0.0,0.0,0.0,0.0,0.0,0.0,0.0,0.0,0.0,0.0,373.0,0.0,0.0,0.0,0.0,0.0,0.0,0.9455497,81.0
663837,"Vierling, Matt",2026,100.0,566.0,0.0,9.000353959817529,0,2025,0.0,0.0,0.0,0.0,0.0,0.0,0.0,0.0,0.0,0.0,0.0,0.0,0.0,0.0,-466.0,0.0,0.0,0.0,0.0,0.0,0.0,0.0035744982,134.5
663853,"Gonzalez, Romy",2026,340.0,216.0,0.0,0.454208950530987,0,2025,0.0,0.0,0.0,0.0,0.0,0.0,0.0,0.0,0.0,0.0,0.0,0.0,0.0,0.0,124.0,0.0,0.0,0.0,0.0,0.0,0.0,8.581076e-05,337.0
663886,"Stephenson, Tyler",2026,340.0,513.0,0.0,7.286583848408858,1,2025,0.0,0.0,0.0,0.0,0.0,0.0,0.0,0.0,0.0,0.0,0.0,0.0,0.0,0.0,-173.0,0.0,0.0,0.0,0.0,0.0,0.0,0.95924455,58.0
663898,"Rodgers, Brendan",2026,128.0,538.0,0.0,16.87661142617427,0,2025,0.0,0.0,0.0,0.0,0.0,0.0,0.0,0.0,0.0,0.0,0.0,0.0,0.0,0.0,-410.0,0.0,0.0,0.0,0.0,0.0,0.0,0.003707658,130.5
663968,"Mangum, Jake",2026,428.0,,0.0,-2.0831054531234163,0,2025,0.0,0.0,0.0,0.0,0.0,0.0,0.0,0.0,0.0,0.0,0.0,0.0,0.0,0.0,,0.0,0.0,0.0,0.0,0.0,0.0,8.992142e-05,317.0
663993,"Lowe, Nathaniel",2026,607.0,564.0,0.0,0.1790497990405304,0,2025,0.0,0.0,0.0,0.0,0.0,0.0,0.0,0.0,0.0,0.0,0.0,0.0,0.0,0.0,43.0,0.0,0.0,0.0,0.0,0.0,0.0,0.00015613755,236.0
664023,"Happ, Ian",2026,661.0,656.0,0.0,-5.066237165579978,0,2025,0.0,0.0,0.0,0.0,0.0,0.0,0.0,0.0,0.0,0.0,0.0,0.0,0.0,0.0,5.0,0.0,0.0,0.0,0.0,0.0,0.0,0.00020039792,178.5
664034,"France, Ty",2026,489.0,535.0,0.0,-0.435694633269996,0,2025,0.0,0.0,0.0,0.0,0.0,0.0,0.0,0.0,0.0,0.0,0.0,0.0,0.0,0.0,-46.0,0.0,0.0,0.0,0.0,0.0,0.0,0.00018108368,209.5
664040,"Lowe, Brandon",2026,552.0,423.0,0.0,2.091920395224131,0,2025,0.0,0.0,0.0,0.0,0.0,0.0,0.0,0.0,0.0,0.0,0.0,0.0,0.0,0.0,129.0,0.0,0.0,0.0,0.0,0.0,0.0,0.9603371,48.5
664056,"Bader, Harrison",2026,501.0,435.0,0.0,8.103922682932582,1,2025,0.0,0.0,0.0,0.0,0.0,0.0,0.0,0.0,0.0,0.0,0.0,0.0,0.0,0.0,66.0,0.0,0.0,0.0,0.0,0.0,0.0,0.96039593,47.0
664059,"Haggerty, Sam",2026,181.0,108.0,0.0,0.5967452020522575,0,2025,0.0,0.0,0.0,0.0,0.0,0.0,0.0,0.0,0.0,0.0,0.0,0.0,0.0,0.0,73.0,0.0,0.0,0.0,0.0,0.0,0.0,0.0004640982,170.0
664238,"Moore, Dylan",2026,243.0,439.0,0.0,-5.048184322214098,0,2025,0.0,0.0,0.0,0.0,0.0,0.0,0.0,0.0,0.0,0.0,0.0,0.0,0.0,0.0,-196.0,0.0,0.0,0.0,0.0,0.0,0.0,5.293542e-05,361.5
664702,"Straw, Myles",2026,299.0,518.0,0.0,8.438040232795265,1,2025,0.0,0.0,0.0,0.0,0.0,0.0,0.0,0.0,0.0,0.0,0.0,0.0,0.0,0.0,-219.0,0.0,0.0,0.0,0.0,0.0,0.0,0.95750165,66.0
664728,"Isbel, Kyle",2026,409.0,426.0,0.0,-14.779218621737478,0,2025,0.0,0.0,0.0,0.0,0.0,0.0,0.0,0.0,0.0,0.0,0.0,0.0,0.0,0.0,-17.0,0.0,0.0,0.0,0.0,0.0,0.0,0.000100418445,296.5
664761,"Bohm, Alec",2026,504.0,604.0,0.0,-5.5133689602770755,0,2025,0.0,0.0,0.0,0.0,0.0,0.0,0.0,0.0,0.0,0.0,0.0,0.0,0.0,0.0,-100.0,0.0,0.0,0.0,0.0,0.0,0.0,0.0001869618,197.5
664770,"Lukes, Nathan",2026,436.0,,0.0,-2.0831054531234163,0,2025,0.0,0.0,0.0,0.0,0.0,0.0,0.0,0.0,0.0,0.0,0.0,0.0,0.0,0.0,,0.0,0.0,0.0,0.0,0.0,0.0,8.992142e-05,317.0
664774,"Wade Jr., LaMonte",2026,241.0,396.0,0.0,-15.663549566067312,0,2025,0.0,0.0,0.0,0.0,0.0,0.0,0.0,0.0,0.0,0.0,0.0,0.0,0.0,0.0,-155.0,0.0,0.0,0.0,0.0,0.0,0.0,5.2300074e-05,366.5
664983,"McCarthy, Jake",2026,222.0,494.0,0.0,4.923539635925956,0,2025,0.0,0.0,0.0,0.0,0.0,0.0,0.0,0.0,0.0,0.0,0.0,0.0,0.0,0.0,-272.0,0.0,0.0,0.0,0.0,0.0,0.0,0.003707658,130.5
665019,"Clemens, Kody",2026,385.0,120.0,0.0,9.500167015199326,1,2025,0.0,0.0,0.0,0.0,0.0,0.0,0.0,0.0,0.0,0.0,0.0,0.0,0.0,0.0,265.0,0.0,0.0,0.0,0.0,0.0,0.0,0.9247786,113.0
665161,"Peña, Jeremy",2026,541.0,649.0,0.0,3.580770636154851,0,2025,0.0,0.0,0.0,0.0,0.0,0.0,0.0,0.0,0.0,0.0,0.0,0.0,0.0,0.0,-108.0,0.0,0.0,0.0,0.0,0.0,0.0,0.96854734,6.5
665487,"Tatis Jr., Fernando",2026,684.0,438.0,0.0,-6.122169314612367,0,2025,0.0,0.0,0.0,0.0,0.0,0.0,0.0,0.0,0.0,0.0,0.0,0.0,0.0,0.0,246.0,0.0,0.0,0.0,0.0,0.0,0.0,0.00015047584,238.5
665489,"Guerrero Jr., Vladimir",2026,672.0,685.0,0.0,-12.509759473144616,0,2025,0.0,0.0,0.0,0.0,0.0,0.0,0.0,0.0,0.0,0.0,0.0,0.0,0.0,0.0,-13.0,0.0,0.0,0.0,0.0,0.0,0.0,0.00020039792,178.5
665561,"Marchán, Rafael",2026,118.0,,0.0,-2.0831054531234163,0,2025,0.0,0.0,0.0,0.0,0.0,0.0,0.0,0.0,0.0,0.0,0.0,0.0,0.0,0.0,,0.0,0.0,0.0,0.0,0.0,0.0,4.442115e-05,428.0
665742,"Soto, Juan",2026,702.0,710.0,0.0,-7.831250184333729,0,2025,0.0,0.0,0.0,0.0,0.0,0.0,0.0,0.0,0.0,0.0,0.0,0.0,0.0,0.0,-8.0,0.0,0.0,0.0,0.0,0.0,0.0,0.00020039792,178.5
665750,"Taveras, Leody",2026,179.0,529.0,0.0,-5.651365987108421,0,2025,0.0,0.0,0.0,0.0,0.0,0.0,0.0,0.0,0.0,0.0,0.0,0.0,0.0,0.0,-350.0,0.0,0.0,0.0,0.0,0.0,0.0,6.723623e-05,350.0
665804,"Amaya, Miguel",2026,103.0,362.0,0.0,-0.1395869712889563,0,2025,0.0,0.0,0.0,0.0,0.0,0.0,0.0,0.0,0.0,0.0,0.0,0.0,0.0,0.0,-259.0,0.0,0.0,0.0,0.0,0.0,0.0,5.2300074e-05,366.5
665828,"Cabrera, Oswaldo",2026,122.0,324.0,0.0,-1.518788779069538,0,2025,0.0,0.0,0.0,0.0,0.0,0.0,0.0,0.0,0.0,0.0,0.0,0.0,0.0,0.0,-202.0,0.0,0.0,0.0,0.0,0.0,0.0,5.1092262e-05,374.0
665833,"Cruz, Oneil",2026,540.0,592.0,0.0,1.3034100470142445,0,2025,0.0,0.0,0.0,0.0,0.0,0.0,0.0,0.0,0.0,0.0,0.0,0.0,0.0,0.0,-52.0,0.0,0.0,0.0,0.0,0.0,0.0,0.96751887,14.5
665839,"Valdez, Enmanuel",2026,102.0,223.0,0.0,-2.777898882148089,0,2025,0.0,0.0,0.0,0.0,0.0,0.0,0.0,0.0,0.0,0.0,0.0,0.0,0.0,0.0,-121.0,0.0,0.0,0.0,0.0,0.0,0.0,4.740178e-05,392.0
665862,"Chisholm Jr., Jazz",2026,529.0,616.0,0.0,6.978672785250263,1,2025,0.0,0.0,0.0,0.0,0.0,0.0,0.0,0.0,0.0,0.0,0.0,0.0,0.0,0.0,-87.0,0.0,0.0,0.0,0.0,0.0,0.0,0.96854734,6.5
665926,"Giménez, Andrés",2026,369.0,632.0,0.0,-1.0734988930568936,0,2025,0.0,0.0,0.0,0.0,0.0,0.0,0.0,0.0,0.0,0.0,0.0,0.0,0.0,0.0,-263.0,0.0,0.0,0.0,0.0,0.0,0.0,0.0001416297,243.5
665966,"Narváez, Carlos",2026,446.0,,0.0,-2.0831054531234163,0,2025,0.0,0.0,0.0,0.0,0.0,0.0,0.0,0.0,0.0,0.0,0.0,0.0,0.0,0.0,,0.0,0.0,0.0,0.0,0.0,0.0,0.00010777265,292.5
666018,"Aranda, Jonathan",2026,419.0,142.0,0.0,-0.9587235023309166,0,2025,0.0,0.0,0.0,0.0,0.0,0.0,0.0,0.0,0.0,0.0,0.0,0.0,0.0,0.0,277.0,0.0,0.0,0.0,0.0,0.0,0.0,8.581076e-05,337.0
666023,"Fermin, Freddy",2026,346.0,367.0,0.0,-2.56515877750309,0,2025,0.0,0.0,0.0,0.0,0.0,0.0,0.0,0.0,0.0,0.0,0.0,0.0,0.0,0.0,-21.0,0.0,0.0,0.0,0.0,0.0,0.0,9.921326e-05,299.5
666134,"Jones, Nolan",2026,401.0,295.0,0.0,11.33513836695532,1,2025,0.0,0.0,0.0,0.0,0.0,0.0,0.0,0.0,0.0,0.0,0.0,0.0,0.0,0.0,106.0,0.0,0.0,0.0,0.0,0.0,0.0,0.9346217,100.5
666139,"Lowe, Josh",2026,434.0,383.0,0.0,-13.656139742910906,0,2025,0.0,0.0,0.0,0.0,0.0,0.0,0.0,0.0,0.0,0.0,0.0,0.0,0.0,0.0,51.0,0.0,0.0,0.0,0.0,0.0,0.0,9.368647e-05,307.0
666149,"Fitzgerald, Tyler",2026,243.0,341.0,0.0,-8.400648871181822,0,2025,0.0,0.0,0.0,0.0,0.0,0.0,0.0,0.0,0.0,0.0,0.0,0.0,0.0,0.0,-98.0,0.0,0.0,0.0,0.0,0.0,0.0,5.1092262e-05,374.0
666152,"Hamilton, David",2026,194.0,317.0,0.0,-7.878624982215177,0,2025,0.0,0.0,0.0,0.0,0.0,0.0,0.0,0.0,0.0,0.0,0.0,0.0,0.0,0.0,-123.0,0.0,0.0,0.0,0.0,0.0,0.0,5.1092262e-05,374.0
666158,"Lux, Gavin",2026,503.0,487.0,0.0,-8.445311583385887,0,2025,0.0,0.0,0.0,0.0,0.0,0.0,0.0,0.0,0.0,0.0,0.0,0.0,0.0,0.0,16.0,0.0,0.0,0.0,0.0,0.0,0.0,0.00017945233,213.0
666160,"Moniak, Mickey",2026,460.0,418.0,0.0,6.502861229277826,0,2025,0.0,0.0,0.0,0.0,0.0,0.0,0.0,0.0,0.0,0.0,0.0,0.0,0.0,0.0,42.0,0.0,0.0,0.0,0.0,0.0,0.0,0.9594124,54.0
666163,"Rortvedt, Ben",2026,128.0,327.0,0.0,-12.843839136080549,0,2025,0.0,0.0,0.0,0.0,0.0,0.0,0.0,0.0,0.0,0.0,0.0,0.0,0.0,0.0,-199.0,0.0,0.0,0.0,0.0,0.0,0.0,5.1092262e-05,374.0
666176,"Adell, Jo",2026,573.0,450.0,0.0,10.632947383468569,1,2025,0.0,0.0,0.0,0.0,0.0,0.0,0.0,0.0,0.0,0.0,0.0,0.0,0.0,0.0,123.0,0.0,0.0,0.0,0.0,0.0,0.0,0.9655952,23.5
666181,"Benson, Will",2026,252.0,388.0,0.0,6.724264704236253,0,2025,0.0,0.0,0.0,0.0,0.0,0.0,0.0,0.0,0.0,0.0,0.0,0.0,0.0,0.0,-136.0,0.0,0.0,0.0,0.0,0.0,0.0,0.14300476,127.0
666182,"Bichette, Bo",2026,626.0,335.0,0.0,6.76833540620923,0,2025,0.0,0.0,0.0,0.0,0.0,0.0,0.0,0.0,0.0,0.0,0.0,0.0,0.0,0.0,291.0,0.0,0.0,0.0,0.0,0.0,0.0,0.9489623,77.5
666185,"Carlson, Dylan",2026,241.0,265.0,0.0,5.958621555588378,0,2025,0.0,0.0,0.0,0.0,0.0,0.0,0.0,0.0,0.0,0.0,0.0,0.0,0.0,0.0,-24.0,0.0,0.0,0.0,0.0,0.0,0.0,0.0023548466,150.0
666211,"Trammell, Taylor",2026,135.0,117.0,0.0,6.261952193917041,0,2025,0.0,0.0,0.0,0.0,0.0,0.0,0.0,0.0,0.0,0.0,0.0,0.0,0.0,0.0,18.0,0.0,0.0,0.0,0.0,0.0,0.0,0.002232491,161.0
666310,"Naylor, Bo",2026,414.0,388.0,0.0,2.7172861734964844,0,2025,0.0,0.0,0.0,0.0,0.0,0.0,0.0,0.0,0.0,0.0,0.0,0.0,0.0,0.0,26.0,0.0,0.0,0.0,0.0,0.0,0.0,0.94419765,86.0
666397,"Julien, Edouard",2026,208.0,300.0,0.0,3.1405343274143216,0,2025,0.0,0.0,0.0,0.0,0.0,0.0,0.0,0.0,0.0,0.0,0.0,0.0,0.0,0.0,-92.0,0.0,0.0,0.0,0.0,0.0,0.0,0.0025775358,148.0
666624,"Morel, Christopher",2026,305.0,608.0,0.0,7.568921737301833,1,2025,0.0,0.0,0.0,0.0,0.0,0.0,0.0,0.0,0.0,0.0,0.0,0.0,0.0,0.0,-303.0,0.0,0.0,0.0,0.0,0.0,0.0,0.951957,74.0
666969,"García, Adolis",2026,546.0,635.0,0.0,-2.943712224056587,0,2025,0.0,0.0,0.0,0.0,0.0,0.0,0.0,0.0,0.0,0.0,0.0,0.0,0.0,0.0,-89.0,0.0,0.0,0.0,0.0,0.0,0.0,0.00019947754,186.5
666971,"Gurriel Jr., Lourdes",2026,545.0,552.0,0.0,-2.1108881568065803,0,2025,0.0,0.0,0.0,0.0,0.0,0.0,0.0,0.0,0.0,0.0,0.0,0.0,0.0,0.0,-7.0,0.0,0.0,0.0,0.0,0.0,0.0,0.00017249095,222.0
667472,"Myers, Dane",2026,332.0,108.0,0.0,-3.7583212538798914,0,2025,0.0,0.0,0.0,0.0,0.0,0.0,0.0,0.0,0.0,0.0,0.0,0.0,0.0,0.0,224.0,0.0,0.0,0.0,0.0,0.0,0.0,8.581076e-05,337.0
667670,"Rooker, Brent",2026,694.0,610.0,0.0,-9.78885763253857,0,2025,0.0,0.0,0.0,0.0,0.0,0.0,0.0,0.0,0.0,0.0,0.0,0.0,0.0,0.0,84.0,0.0,0.0,0.0,0.0,0.0,0.0,0.00017179598,223.0
668227,"Arozarena, Randy",2026,707.0,648.0,0.0,1.2161732214399683,0,2025,0.0,0.0,0.0,0.0,0.0,0.0,0.0,0.0,0.0,0.0,0.0,0.0,0.0,0.0,59.0,0.0,0.0,0.0,0.0,0.0,0.0,0.9610703,43.5
668670,"Rogers, Jake",2026,142.0,336.0,0.0,0.9165514043151456,0,2025,0.0,0.0,0.0,0.0,0.0,0.0,0.0,0.0,0.0,0.0,0.0,0.0,0.0,0.0,-194.0,0.0,0.0,0.0,0.0,0.0,0.0,0.0027950106,142.5
668709,"Bleday, JJ",2026,342.0,640.0,0.0,-3.343667913147993,0,2025,0.0,0.0,0.0,0.0,0.0,0.0,0.0,0.0,0.0,0.0,0.0,0.0,0.0,0.0,-298.0,0.0,0.0,0.0,0.0,0.0,0.0,0.0001416297,243.5
668715,"Steer, Spencer",2026,568.0,654.0,0.0,-2.5676189630540343,0,2025,0.0,0.0,0.0,0.0,0.0,0.0,0.0,0.0,0.0,0.0,0.0,0.0,0.0,0.0,-86.0,0.0,0.0,0.0,0.0,0.0,0.0,0.0002027444,172.5
668804,"Reynolds, Bryan",2026,653.0,689.0,0.0,1.939410207885865,0,2025,0.0,0.0,0.0,0.0,0.0,0.0,0.0,0.0,0.0,0.0,0.0,0.0,0.0,0.0,-36.0,0.0,0.0,0.0,0.0,0.0,0.0,0.9636941,31.5
668885,"Martin, Austin",2026,181.0,257.0,0.0,12.512731316145906,0,2025,0.0,0.0,0.0,0.0,0.0,0.0,0.0,0.0,0.0,0.0,0.0,0.0,0.0,0.0,-76.0,0.0,0.0,0.0,0.0,0.0,0.0,0.0022950843,152.5
668901,"Vientos, Mark",2026,463.0,454.0,0.0,-1.967882533963584,0,2025,0.0,0.0,0.0,0.0,0.0,0.0,0.0,0.0,0.0,0.0,0.0,0.0,0.0,0.0,9.0,0.0,0.0,0.0,0.0,0.0,0.0,0.00016468673,230.0
668904,"Lewis, Royce",2026,403.0,322.0,0.0,-1.1544647991838726,0,2025,0.0,0.0,0.0,0.0,0.0,0.0,0.0,0.0,0.0,0.0,0.0,0.0,0.0,0.0,81.0,0.0,0.0,0.0,0.0,0.0,0.0,9.2491486e-05,309.0
668930,"Turang, Brice",2026,658.0,616.0,0.0,29.41724456623216,1,2025,0.0,0.0,0.0,0.0,0.0,0.0,0.0,0.0,0.0,0.0,0.0,0.0,0.0,0.0,42.0,0.0,0.0,0.0,0.0,0.0,0.0,0.9610703,43.5
668939,"Rutschman, Adley",2026,365.0,635.0,0.0,1.195183492317781,0,2025,0.0,0.0,0.0,0.0,0.0,0.0,0.0,0.0,0.0,0.0,0.0,0.0,0.0,0.0,-270.0,0.0,0.0,0.0,0.0,0.0,0.0,0.95535564,68.5
668942,"Rojas, Josh",2026,211.0,474.0,0.0,-3.5519245822023247,0,2025,0.0,0.0,0.0,0.0,0.0,0.0,0.0,0.0,0.0,0.0,0.0,0.0,0.0,0.0,-263.0,0.0,0.0,0.0,0.0,0.0,0.0,6.60092e-05,354.0
669016,"Marsh, Brandon",2026,424.0,476.0,0.0,-5.3153883751105155,0,2025,0.0,0.0,0.0,0.0,0.0,0.0,0.0,0.0,0.0,0.0,0.0,0.0,0.0,0.0,-52.0,0.0,0.0,0.0,0.0,0.0,0.0,0.00013361913,256.0
669065,"Stowers, Kyle",2026,454.0,209.0,0.0,8.286964434708361,1,2025,0.0,0.0,0.0,0.0,0.0,0.0,0.0,0.0,0.0,0.0,0.0,0.0,0.0,0.0,245.0,0.0,0.0,0.0,0.0,0.0,0.0,0.9448514,83.5
669127,"Langeliers, Shea",2026,522.0,532.0,0.0,-2.594257561929068,0,2025,0.0,0.0,0.0,0.0,0.0,0.0,0.0,0.0,0.0,0.0,0.0,0.0,0.0,0.0,-10.0,0.0,0.0,0.0,0.0,0.0,0.0,0.00018278771,205.5
669221,"Murphy, Sean",2026,336.0,262.0,0.0,3.1655603724362535,0,2025,0.0,0.0,0.0,0.0,0.0,0.0,0.0,0.0,0.0,0.0,0.0,0.0,0.0,0.0,74.0,0.0,0.0,0.0,0.0,0.0,0.0,0.9304969,105.0
669224,"Wells, Austin",2026,447.0,414.0,0.0,3.0215698752767395,0,2025,0.0,0.0,0.0,0.0,0.0,0.0,0.0,0.0,0.0,0.0,0.0,0.0,0.0,0.0,33.0,0.0,0.0,0.0,0.0,0.0,0.0,0.9591286,61.0
669234,"Malloy, Justyn-Henry",2026,127.0,230.0,0.0,-7.832629120747338,0,2025,0.0,0.0,0.0,0.0,0.0,0.0,0.0,0.0,0.0,0.0,0.0,0.0,0.0,0.0,-103.0,0.0,0.0,0.0,0.0,0.0,0.0,4.740178e-05,392.0
669236,"Jackson, Jeremiah",2026,183.0,,0.0,-2.0831054531234163,0,2025,0.0,0.0,0.0,0.0,0.0,0.0,0.0,0.0,0.0,0.0,0.0,0.0,0.0,0.0,,0.0,0.0,0.0,0.0,0.0,0.0,4.442115e-05,428.0
669242,"Edman, Tommy",2026,377.0,153.0,0.0,1.2644670403808491,0,2025,0.0,0.0,0.0,0.0,0.0,0.0,0.0,0.0,0.0,0.0,0.0,0.0,0.0,0.0,224.0,0.0,0.0,0.0,0.0,0.0,0.0,0.9247786,113.0
669257,"Smith, Will",2026,435.0,537.0,0.0,5.242362945617119,0,2025,0.0,0.0,0.0,0.0,0.0,0.0,0.0,0.0,0.0,0.0,0.0,0.0,0.0,0.0,-102.0,0.0,0.0,0.0,0.0,0.0,0.0,0.95924455,58.0
669261,"Suwinski, Jack",2026,176.0,275.0,0.0,5.812250679437893,0,2025,0.0,0.0,0.0,0.0,0.0,0.0,0.0,0.0,0.0,0.0,0.0,0.0,0.0,0.0,-99.0,0.0,0.0,0.0,0.0,0.0,0.0,0.0025775358,148.0
669289,"Espinal, Santiago",2026,328.0,390.0,0.0,-4.544474611319412,0,2025,0.0,0.0,0.0,0.0,0.0,0.0,0.0,0.0,0.0,0.0,0.0,0.0,0.0,0.0,-62.0,0.0,0.0,0.0,0.0,0.0,0.0,0.00010586982,294.0
669326,"Teodosio, Bryce",2026,150.0,,0.0,-2.0831054531234163,0,2025,0.0,0.0,0.0,0.0,0.0,0.0,0.0,0.0,0.0,0.0,0.0,0.0,0.0,0.0,,0.0,0.0,0.0,0.0,0.0,0.0,4.442115e-05,428.0
669357,"Gorman, Nolan",2026,400.0,400.0,0.0,-6.45920306234466,0,2025,0.0,0.0,0.0,0.0,0.0,0.0,0.0,0.0,0.0,0.0,0.0,0.0,0.0,0.0,0.0,0.0,0.0,0.0,0.0,0.0,0.0,9.921326e-05,299.5
669364,"Edwards, Xavier",2026,617.0,302.0,0.0,-5.628876866926196,0,2025,0.0,0.0,0.0,0.0,0.0,0.0,0.0,0.0,0.0,0.0,0.0,0.0,0.0,0.0,315.0,0.0,0.0,0.0,0.0,0.0,0.0,0.00012857042,268.0
669394,"Burger, Jake",2026,376.0,577.0,0.0,-1.488007693205971,0,2025,0.0,0.0,0.0,0.0,0.0,0.0,0.0,0.0,0.0,0.0,0.0,0.0,0.0,0.0,-201.0,0.0,0.0,0.0,0.0,0.0,0.0,0.000132743,258.5
669397,"Allen, Nick",2026,415.0,105.0,0.0,6.366295414522188,0,2025,0.0,0.0,0.0,0.0,0.0,0.0,0.0,0.0,0.0,0.0,0.0,0.0,0.0,0.0,310.0,0.0,0.0,0.0,0.0,0.0,0.0,0.9247786,113.0
669450,"Hummel, Cooper",2026,105.0,201.0,0.0,9.22059056313339,0,2025,0.0,0.0,0.0,0.0,0.0,0.0,0.0,0.0,0.0,0.0,0.0,0.0,0.0,0.0,-96.0,0.0,0.0,0.0,0.0,0.0,0.0,0.002217458,164.0
669477,"Schmitt, Casey",2026,347.0,113.0,0.0,9.955357406751034,1,2025,0.0,0.0,0.0,0.0,0.0,0.0,0.0,0.0,0.0,0.0,0.0,0.0,0.0,0.0,234.0,0.0,0.0,0.0,0.0,0.0,0.0,0.9247786,113.0
669701,"Smith, Josh",2026,561.0,591.0,0.0,-3.3144396554390463,0,2025,0.0,0.0,0.0,0.0,0.0,0.0,0.0,0.0,0.0,0.0,0.0,0.0,0.0,0.0,-30.0,0.0,0.0,0.0,0.0,0.0,0.0,0.00017807662,217.0
669707,"Triolo, Jared",2026,375.0,446.0,0.0,-4.595143629091094,0,2025,0.0,0.0,0.0,0.0,0.0,0.0,0.0,0.0,0.0,0.0,0.0,0.0,0.0,0.0,-71.0,0.0,0.0,0.0,0.0,0.0,0.0,0.00012014828,285.0
669720,"Hays, Austin",2026,414.0,254.0,0.0,7.105998712860466,1,2025,0.0,0.0,0.0,0.0,0.0,0.0,0.0,0.0,0.0,0.0,0.0,0.0,0.0,0.0,160.0,0.0,0.0,0.0,0.0,0.0,0.0,0.92714256,108.0
669743,"Call, Alex",2026,322.0,113.0,0.0,-14.74627385271923,0,2025,0.0,0.0,0.0,0.0,0.0,0.0,0.0,0.0,0.0,0.0,0.0,0.0,0.0,0.0,209.0,0.0,0.0,0.0,0.0,0.0,0.0,8.581076e-05,337.0
669911,"Toglia, Michael",2026,335.0,456.0,0.0,-14.327567462229224,0,2025,0.0,0.0,0.0,0.0,0.0,0.0,0.0,0.0,0.0,0.0,0.0,0.0,0.0,0.0,-121.0,0.0,0.0,0.0,0.0,0.0,0.0,0.00012672084,272.0
670042,"Raley, Luke",2026,219.0,455.0,0.0,-3.1613186800201154,0,2025,0.0,0.0,0.0,0.0,0.0,0.0,0.0,0.0,0.0,0.0,0.0,0.0,0.0,0.0,-236.0,0.0,0.0,0.0,0.0,0.0,0.0,6.260116e-05,359.5
670156,"Mastrobuoni, Miles",2026,175.0,105.0,0.0,5.297328521022569,0,2025,0.0,0.0,0.0,0.0,0.0,0.0,0.0,0.0,0.0,0.0,0.0,0.0,0.0,0.0,70.0,0.0,0.0,0.0,0.0,0.0,0.0,0.002256066,157.5
670223,"Mervis, Matt",2026,133.0,,0.0,-2.0831054531234163,0,2025,0.0,0.0,0.0,0.0,0.0,0.0,0.0,0.0,0.0,0.0,0.0,0.0,0.0,0.0,,0.0,0.0,0.0,0.0,0.0,0.0,4.442115e-05,428.0
670224,"Misner, Kameron",2026,217.0,,0.0,-2.0831054531234163,0,2025,0.0,0.0,0.0,0.0,0.0,0.0,0.0,0.0,0.0,0.0,0.0,0.0,0.0,0.0,,0.0,0.0,0.0,0.0,0.0,0.0,4.442115e-05,428.0
670231,"Rave, John",2026,175.0,,0.0,-2.0831054531234163,0,2025,0.0,0.0,0.0,0.0,0.0,0.0,0.0,0.0,0.0,0.0,0.0,0.0,0.0,0.0,,0.0,0.0,0.0,0.0,0.0,0.0,4.442115e-05,428.0
670242,"Wallner, Matt",2026,392.0,261.0,0.0,-2.8728162860954636,0,2025,0.0,0.0,0.0,0.0,0.0,0.0,0.0,0.0,0.0,0.0,0.0,0.0,0.0,0.0,131.0,0.0,0.0,0.0,0.0,0.0,0.0,8.581076e-05,337.0
670541,"Alvarez, Yordan",2026,194.0,617.0,0.0,3.5830055042758113,0,2025,0.0,0.0,0.0,0.0,0.0,0.0,0.0,0.0,0.0,0.0,0.0,0.0,0.0,0.0,-423.0,0.0,0.0,0.0,0.0,0.0,0.0,0.0036948621,133.0
670623,"Paredes, Isaac",2026,438.0,639.0,0.0,2.295802121184669,0,2025,0.0,0.0,0.0,0.0,0.0,0.0,0.0,0.0,0.0,0.0,0.0,0.0,0.0,0.0,-201.0,0.0,0.0,0.0,0.0,0.0,0.0,0.9628155,38.0
670764,"Walls, Taylor",2026,317.0,252.0,0.0,-4.495896133771418,0,2025,0.0,0.0,0.0,0.0,0.0,0.0,0.0,0.0,0.0,0.0,0.0,0.0,0.0,0.0,65.0,0.0,0.0,0.0,0.0,0.0,0.0,8.49122e-05,344.0
670770,"Friedl, TJ",2026,685.0,341.0,0.0,-3.263105074082307,0,2025,0.0,0.0,0.0,0.0,0.0,0.0,0.0,0.0,0.0,0.0,0.0,0.0,0.0,0.0,344.0,0.0,0.0,0.0,0.0,0.0,0.0,0.00014523706,241.0
671056,"Herrera, Iván",2026,451.0,259.0,0.0,7.775959147163962,1,2025,0.0,0.0,0.0,0.0,0.0,0.0,0.0,0.0,0.0,0.0,0.0,0.0,0.0,0.0,192.0,0.0,0.0,0.0,0.0,0.0,0.0,0.9448514,83.5
671213,"Casas, Triston",2026,110.0,238.0,0.0,-8.65433843737715,0,2025,0.0,0.0,0.0,0.0,0.0,0.0,0.0,0.0,0.0,0.0,0.0,0.0,0.0,0.0,-128.0,0.0,0.0,0.0,0.0,0.0,0.0,4.740178e-05,392.0
671218,"Ramos, Heliot",2026,693.0,516.0,0.0,-13.578843092519428,0,2025,0.0,0.0,0.0,0.0,0.0,0.0,0.0,0.0,0.0,0.0,0.0,0.0,0.0,0.0,177.0,0.0,0.0,0.0,0.0,0.0,0.0,0.00017922898,215.0
671221,"Waters, Drew",2026,219.0,336.0,0.0,-14.946737902020228,0,2025,0.0,0.0,0.0,0.0,0.0,0.0,0.0,0.0,0.0,0.0,0.0,0.0,0.0,0.0,-117.0,0.0,0.0,0.0,0.0,0.0,0.0,5.1092262e-05,374.0
671277,"García Jr., Luis",2026,525.0,526.0,0.0,2.867258162048427,0,2025,0.0,0.0,0.0,0.0,0.0,0.0,0.0,0.0,0.0,0.0,0.0,0.0,0.0,0.0,-1.0,0.0,0.0,0.0,0.0,0.0,0.0,0.9690653,3.5
671289,"Freeman, Tyler",2026,428.0,382.0,0.0,0.8854868882833637,0,2025,0.0,0.0,0.0,0.0,0.0,0.0,0.0,0.0,0.0,0.0,0.0,0.0,0.0,0.0,46.0,0.0,0.0,0.0,0.0,0.0,0.0,0.9435477,90.0
671732,"Butler, Lawrence",2026,628.0,451.0,0.0,-3.0432732975920045,0,2025,0.0,0.0,0.0,0.0,0.0,0.0,0.0,0.0,0.0,0.0,0.0,0.0,0.0,0.0,177.0,0.0,0.0,0.0,0.0,0.0,0.0,0.00015999704,233.0
671739,"Harris II, Michael",2026,640.0,469.0,0.0,-9.720279390427008,0,2025,0.0,0.0,0.0,0.0,0.0,0.0,0.0,0.0,0.0,0.0,0.0,0.0,0.0,0.0,171.0,0.0,0.0,0.0,0.0,0.0,0.0,0.00015999704,233.0
672016,"Clarke, Denzel",2026,159.0,,0.0,-2.0831054531234163,0,2025,0.0,0.0,0.0,0.0,0.0,0.0,0.0,0.0,0.0,0.0,0.0,0.0,0.0,0.0,,0.0,0.0,0.0,0.0,0.0,0.0,4.442115e-05,428.0
672275,"Bailey, Patrick",2026,452.0,448.0,0.0,-9.170051337226765,0,2025,0.0,0.0,0.0,0.0,0.0,0.0,0.0,0.0,0.0,0.0,0.0,0.0,0.0,0.0,4.0,0.0,0.0,0.0,0.0,0.0,0.0,0.00015614546,235.0
672356,"Arias, Gabriel",2026,470.0,161.0,0.0,7.815686656289801,1,2025,0.0,0.0,0.0,0.0,0.0,0.0,0.0,0.0,0.0,0.0,0.0,0.0,0.0,0.0,309.0,0.0,0.0,0.0,0.0,0.0,0.0,0.94302666,91.0
672386,"Kirk, Alejandro",2026,504.0,385.0,0.0,13.357236475088632,1,2025,0.0,0.0,0.0,0.0,0.0,0.0,0.0,0.0,0.0,0.0,0.0,0.0,0.0,0.0,119.0,0.0,0.0,0.0,0.0,0.0,0.0,0.9584195,63.5
672515,"Moreno, Gabriel",2026,306.0,349.0,0.0,1.0177892168183604,0,2025,0.0,0.0,0.0,0.0,0.0,0.0,0.0,0.0,0.0,0.0,0.0,0.0,0.0,0.0,-43.0,0.0,0.0,0.0,0.0,0.0,0.0,0.9415742,92.0
672580,"Garcia, Maikel",2026,665.0,626.0,0.0,4.408684297280517,0,2025,0.0,0.0,0.0,0.0,0.0,0.0,0.0,0.0,0.0,0.0,0.0,0.0,0.0,0.0,39.0,0.0,0.0,0.0,0.0,0.0,0.0,0.9615267,40.0
672640,"Lopez, Otto",2026,592.0,434.0,0.0,3.656032373271205,0,2025,0.0,0.0,0.0,0.0,0.0,0.0,0.0,0.0,0.0,0.0,0.0,0.0,0.0,0.0,158.0,0.0,0.0,0.0,0.0,0.0,0.0,0.95729387,67.0
672695,"Perdomo, Geraldo",2026,719.0,388.0,0.0,11.520827163399767,1,2025,0.0,0.0,0.0,0.0,0.0,0.0,0.0,0.0,0.0,0.0,0.0,0.0,0.0,0.0,331.0,0.0,0.0,0.0,0.0,0.0,0.0,0.9529528,71.5
672724,"Peraza, Oswald",2026,265.0,191.0,0.0,7.723753547400514,1,2025,0.0,0.0,0.0,0.0,0.0,0.0,0.0,0.0,0.0,0.0,0.0,0.0,0.0,0.0,74.0,0.0,0.0,0.0,0.0,0.0,0.0,0.90410674,123.5
672744,"Canario, Alexander",2026,234.0,,0.0,-2.0831054531234163,0,2025,0.0,0.0,0.0,0.0,0.0,0.0,0.0,0.0,0.0,0.0,0.0,0.0,0.0,0.0,,0.0,0.0,0.0,0.0,0.0,0.0,4.442115e-05,428.0
672761,"Pérez, Wenceel",2026,383.0,424.0,0.0,12.827189218440427,1,2025,0.0,0.0,0.0,0.0,0.0,0.0,0.0,0.0,0.0,0.0,0.0,0.0,0.0,0.0,-41.0,0.0,0.0,0.0,0.0,0.0,0.0,0.94969153,76.0
672820,"Sosa, Lenyn",2026,544.0,368.0,0.0,8.212188023478767,1,2025,0.0,0.0,0.0,0.0,0.0,0.0,0.0,0.0,0.0,0.0,0.0,0.0,0.0,0.0,176.0,0.0,0.0,0.0,0.0,0.0,0.0,0.95794725,65.0
673237,"Diaz, Yainer",2026,565.0,617.0,0.0,-4.495208381852466,0,2025,0.0,0.0,0.0,0.0,0.0,0.0,0.0,0.0,0.0,0.0,0.0,0.0,0.0,0.0,-52.0,0.0,0.0,0.0,0.0,0.0,0.0,0.00019644508,191.0
673357,"Robert Jr., Luis",2026,428.0,423.0,0.0,-2.2475605307188857,0,2025,0.0,0.0,0.0,0.0,0.0,0.0,0.0,0.0,0.0,0.0,0.0,0.0,0.0,0.0,5.0,0.0,0.0,0.0,0.0,0.0,0.0,9.921326e-05,299.5
673490,"Kim, Ha-Seong",2026,191.0,465.0,0.0,5.865393455318717,0,2025,0.0,0.0,0.0,0.0,0.0,0.0,0.0,0.0,0.0,0.0,0.0,0.0,0.0,0.0,-274.0,0.0,0.0,0.0,0.0,0.0,0.0,0.0035331235,136.0
673548,"Suzuki, Seiya",2026,649.0,582.0,0.0,6.606294374196558,0,2025,0.0,0.0,0.0,0.0,0.0,0.0,0.0,0.0,0.0,0.0,0.0,0.0,0.0,0.0,67.0,0.0,0.0,0.0,0.0,0.0,0.0,0.9604721,46.0
673962,"Jung, Josh",2026,511.0,188.0,0.0,0.1078793273647531,0,2025,0.0,0.0,0.0,0.0,0.0,0.0,0.0,0.0,0.0,0.0,0.0,0.0,0.0,0.0,323.0,0.0,0.0,0.0,0.0,0.0,0.0,0.00012061881,282.0
676059,"Westburg, Jordan",2026,351.0,447.0,0.0,-5.481265294580784,0,2025,0.0,0.0,0.0,0.0,0.0,0.0,0.0,0.0,0.0,0.0,0.0,0.0,0.0,0.0,-96.0,0.0,0.0,0.0,0.0,0.0,0.0,0.00012014828,285.0
676391,"Clement, Ernie",2026,587.0,451.0,0.0,-1.6902092153930417,0,2025,0.0,0.0,0.0,0.0,0.0,0.0,0.0,0.0,0.0,0.0,0.0,0.0,0.0,0.0,136.0,0.0,0.0,0.0,0.0,0.0,0.0,0.0001647805,229.0
676439,"Feduccia, Hunter",2026,105.0,,0.0,-2.0831054531234163,0,2025,0.0,0.0,0.0,0.0,0.0,0.0,0.0,0.0,0.0,0.0,0.0,0.0,0.0,0.0,,0.0,0.0,0.0,0.0,0.0,0.0,4.442115e-05,428.0
676475,"Burleson, Alec",2026,545.0,595.0,0.0,1.3878715526659624,0,2025,0.0,0.0,0.0,0.0,0.0,0.0,0.0,0.0,0.0,0.0,0.0,0.0,0.0,0.0,-50.0,0.0,0.0,0.0,0.0,0.0,0.0,0.96751887,14.5
676572,"Wagaman, Eric",2026,514.0,,0.0,-2.0831054531234163,0,2025,0.0,0.0,0.0,0.0,0.0,0.0,0.0,0.0,0.0,0.0,0.0,0.0,0.0,0.0,,0.0,0.0,0.0,0.0,0.0,0.0,0.00012887028,266.0
676609,"Caballero, José",2026,367.0,482.0,0.0,2.310054632205531,0,2025,0.0,0.0,0.0,0.0,0.0,0.0,0.0,0.0,0.0,0.0,0.0,0.0,0.0,0.0,-115.0,0.0,0.0,0.0,0.0,0.0,0.0,0.95851827,62.0
676694,"Meyers, Jake",2026,381.0,512.0,0.0,-3.761322204054707,0,2025,0.0,0.0,0.0,0.0,0.0,0.0,0.0,0.0,0.0,0.0,0.0,0.0,0.0,0.0,-131.0,0.0,0.0,0.0,0.0,0.0,0.0,0.00013610277,250.0
676801,"McCormick, Chas",2026,116.0,267.0,0.0,-8.690677306987654,0,2025,0.0,0.0,0.0,0.0,0.0,0.0,0.0,0.0,0.0,0.0,0.0,0.0,0.0,0.0,-151.0,0.0,0.0,0.0,0.0,0.0,0.0,4.740178e-05,392.0
676914,"Schneider, Davis",2026,227.0,454.0,0.0,5.473355305623321,0,2025,0.0,0.0,0.0,0.0,0.0,0.0,0.0,0.0,0.0,0.0,0.0,0.0,0.0,0.0,-227.0,0.0,0.0,0.0,0.0,0.0,0.0,0.0037040366,132.0
677008,"Kjerstad, Heston",2026,167.0,112.0,0.0,-4.699330174493502,0,2025,0.0,0.0,0.0,0.0,0.0,0.0,0.0,0.0,0.0,0.0,0.0,0.0,0.0,0.0,55.0,0.0,0.0,0.0,0.0,0.0,0.0,4.351604e-05,460.5
677347,"Paris, Kyren",2026,140.0,,0.0,-2.0831054531234163,0,2025,0.0,0.0,0.0,0.0,0.0,0.0,0.0,0.0,0.0,0.0,0.0,0.0,0.0,0.0,,0.0,0.0,0.0,0.0,0.0,0.0,4.442115e-05,428.0
677587,"Rocchio, Brayan",2026,383.0,441.0,0.0,5.3760042653663955,0,2025,0.0,0.0,0.0,0.0,0.0,0.0,0.0,0.0,0.0,0.0,0.0,0.0,0.0,0.0,-58.0,0.0,0.0,0.0,0.0,0.0,0.0,0.9503353,75.0
677588,"Tena, José",2026,169.0,168.0,0.0,-17.161347066487473,0,2025,0.0,0.0,0.0,0.0,0.0,0.0,0.0,0.0,0.0,0.0,0.0,0.0,0.0,0.0,1.0,0.0,0.0,0.0,0.0,0.0,0.0,4.442115e-05,428.0
677594,"Rodríguez, Julio",2026,704.0,612.0,0.0,-7.005974183204942,0,2025,0.0,0.0,0.0,0.0,0.0,0.0,0.0,0.0,0.0,0.0,0.0,0.0,0.0,0.0,92.0,0.0,0.0,0.0,0.0,0.0,0.0,0.00017760147,219.0
677595,"Mauricio, Ronny",2026,183.0,108.0,0.0,2.8886658966743797,0,2025,0.0,0.0,0.0,0.0,0.0,0.0,0.0,0.0,0.0,0.0,0.0,0.0,0.0,0.0,75.0,0.0,0.0,0.0,0.0,0.0,0.0,0.002256066,157.5
677649,"Duran, Ezequiel",2026,219.0,284.0,0.0,-11.174260012009364,0,2025,0.0,0.0,0.0,0.0,0.0,0.0,0.0,0.0,0.0,0.0,0.0,0.0,0.0,0.0,-65.0,0.0,0.0,0.0,0.0,0.0,0.0,4.9610346e-05,383.5
677800,"Abreu, Wilyer",2026,412.0,447.0,0.0,-2.981449702433979,0,2025,0.0,0.0,0.0,0.0,0.0,0.0,0.0,0.0,0.0,0.0,0.0,0.0,0.0,0.0,-35.0,0.0,0.0,0.0,0.0,0.0,0.0,0.00011527066,291.0
677942,"Alexander, Blaze",2026,265.0,185.0,0.0,10.378541719895638,1,2025,0.0,0.0,0.0,0.0,0.0,0.0,0.0,0.0,0.0,0.0,0.0,0.0,0.0,0.0,80.0,0.0,0.0,0.0,0.0,0.0,0.0,0.90410674,123.5
677950,"Thomas, Alek",2026,469.0,103.0,0.0,-5.439246468843167,0,2025,0.0,0.0,0.0,0.0,0.0,0.0,0.0,0.0,0.0,0.0,0.0,0.0,0.0,0.0,366.0,0.0,0.0,0.0,0.0,0.0,0.0,0.00011900372,288.5
677951,"Witt Jr., Bobby",2026,679.0,700.0,0.0,-6.8213488899168,0,2025,0.0,0.0,0.0,0.0,0.0,0.0,0.0,0.0,0.0,0.0,0.0,0.0,0.0,0.0,-21.0,0.0,0.0,0.0,0.0,0.0,0.0,0.00020039792,178.5
678009,"Meadows, Parker",2026,213.0,298.0,0.0,-8.488903905524596,0,2025,0.0,0.0,0.0,0.0,0.0,0.0,0.0,0.0,0.0,0.0,0.0,0.0,0.0,0.0,-85.0,0.0,0.0,0.0,0.0,0.0,0.0,4.9610346e-05,383.5
678246,"Vargas, Miguel",2026,569.0,237.0,0.0,12.708156405586896,1,2025,0.0,0.0,0.0,0.0,0.0,0.0,0.0,0.0,0.0,0.0,0.0,0.0,0.0,0.0,332.0,0.0,0.0,0.0,0.0,0.0,0.0,0.9455497,81.0
678554,"Mead, Curtis",2026,264.0,132.0,0.0,-2.5218312544106687,0,2025,0.0,0.0,0.0,0.0,0.0,0.0,0.0,0.0,0.0,0.0,0.0,0.0,0.0,0.0,132.0,0.0,0.0,0.0,0.0,0.0,0.0,4.960481e-05,387.0
678662,"Tovar, Ezequiel",2026,389.0,694.0,0.0,0.7055973737328465,0,2025,0.0,0.0,0.0,0.0,0.0,0.0,0.0,0.0,0.0,0.0,0.0,0.0,0.0,0.0,-305.0,0.0,0.0,0.0,0.0,0.0,0.0,0.95535564,68.5
678877,"Noel, Jhonkensy",2026,153.0,198.0,0.0,-7.251453616020976,0,2025,0.0,0.0,0.0,0.0,0.0,0.0,0.0,0.0,0.0,0.0,0.0,0.0,0.0,0.0,-45.0,0.0,0.0,0.0,0.0,0.0,0.0,4.5477253e-05,397.0
678882,"Rafaela, Ceddanne",2026,587.0,570.0,0.0,2.7047715584326792,0,2025,0.0,0.0,0.0,0.0,0.0,0.0,0.0,0.0,0.0,0.0,0.0,0.0,0.0,0.0,17.0,0.0,0.0,0.0,0.0,0.0,0.0,0.9649931,27.0
679032,"Rojas, Johan",2026,172.0,363.0,0.0,7.537990430100647,0,2025,0.0,0.0,0.0,0.0,0.0,0.0,0.0,0.0,0.0,0.0,0.0,0.0,0.0,0.0,-191.0,0.0,0.0,0.0,0.0,0.0,0.0,0.003008502,140.0
679529,"Torkelson, Spencer",2026,643.0,381.0,0.0,6.05135301371057,0,2025,0.0,0.0,0.0,0.0,0.0,0.0,0.0,0.0,0.0,0.0,0.0,0.0,0.0,0.0,262.0,0.0,0.0,0.0,0.0,0.0,0.0,0.9529528,71.5
679845,"Loftin, Nick",2026,188.0,171.0,0.0,6.03529576008368,0,2025,0.0,0.0,0.0,0.0,0.0,0.0,0.0,0.0,0.0,0.0,0.0,0.0,0.0,0.0,17.0,0.0,0.0,0.0,0.0,0.0,0.0,0.0021628744,167.0
680474,"Schuemann, Max",2026,213.0,459.0,0.0,-8.988353911967636,0,2025,0.0,0.0,0.0,0.0,0.0,0.0,0.0,0.0,0.0,0.0,0.0,0.0,0.0,0.0,-246.0,0.0,0.0,0.0,0.0,0.0,0.0,6.260116e-05,359.5
680574,"McLain, Matt",2026,576.0,403.0,0.0,-5.507897788239477,0,2025,0.0,0.0,0.0,0.0,0.0,0.0,0.0,0.0,0.0,0.0,0.0,0.0,0.0,0.0,173.0,0.0,0.0,0.0,0.0,0.0,0.0,0.00013526193,253.0
680718,"Barger, Addison",2026,498.0,225.0,0.0,15.249146178137822,1,2025,0.0,0.0,0.0,0.0,0.0,0.0,0.0,0.0,0.0,0.0,0.0,0.0,0.0,0.0,273.0,0.0,0.0,0.0,0.0,0.0,0.0,0.9455497,81.0
680728,"Del Castillo, Adrian",2026,131.0,,0.0,-2.0831054531234163,0,2025,0.0,0.0,0.0,0.0,0.0,0.0,0.0,0.0,0.0,0.0,0.0,0.0,0.0,0.0,,0.0,0.0,0.0,0.0,0.0,0.0,4.442115e-05,428.0
680737,"Helman, Michael",2026,110.0,,0.0,-2.0831054531234163,0,2025,0.0,0.0,0.0,0.0,0.0,0.0,0.0,0.0,0.0,0.0,0.0,0.0,0.0,0.0,,0.0,0.0,0.0,0.0,0.0,0.0,4.442115e-05,428.0
680757,"Kwan, Steven",2026,691.0,540.0,0.0,-6.628906153319963,0,2025,0.0,0.0,0.0,0.0,0.0,0.0,0.0,0.0,0.0,0.0,0.0,0.0,0.0,0.0,151.0,0.0,0.0,0.0,0.0,0.0,0.0,0.00017922898,215.0
680776,"Duran, Jarren",2026,695.0,734.0,0.0,2.9736648762841225,0,2025,0.0,0.0,0.0,0.0,0.0,0.0,0.0,0.0,0.0,0.0,0.0,0.0,0.0,0.0,-39.0,0.0,0.0,0.0,0.0,0.0,0.0,0.9636941,31.5
680777,"Jeffers, Ryan",2026,461.0,465.0,0.0,0.2261813183821519,0,2025,0.0,0.0,0.0,0.0,0.0,0.0,0.0,0.0,0.0,0.0,0.0,0.0,0.0,0.0,-4.0,0.0,0.0,0.0,0.0,0.0,0.0,0.00016852432,226.0
680779,"Davis, Henry",2026,283.0,122.0,0.0,3.046136664720448,0,2025,0.0,0.0,0.0,0.0,0.0,0.0,0.0,0.0,0.0,0.0,0.0,0.0,0.0,0.0,161.0,0.0,0.0,0.0,0.0,0.0,0.0,0.9080707,119.0
680862,"MacIver, Willie",2026,111.0,,0.0,-2.0831054531234163,0,2025,0.0,0.0,0.0,0.0,0.0,0.0,0.0,0.0,0.0,0.0,0.0,0.0,0.0,0.0,,0.0,0.0,0.0,0.0,0.0,0.0,4.442115e-05,428.0
680869,"Gelof, Zack",2026,101.0,547.0,0.0,4.489716215075957,0,2025,0.0,0.0,0.0,0.0,0.0,0.0,0.0,0.0,0.0,0.0,0.0,0.0,0.0,0.0,-446.0,0.0,0.0,0.0,0.0,0.0,0.0,0.0035744982,134.5
680977,"Donovan, Brendan",2026,512.0,652.0,0.0,3.5009646593144272,0,2025,0.0,0.0,0.0,0.0,0.0,0.0,0.0,0.0,0.0,0.0,0.0,0.0,0.0,0.0,-140.0,0.0,0.0,0.0,0.0,0.0,0.0,0.96854734,6.5
681082,"Stott, Bryson",2026,559.0,569.0,0.0,4.240295680145626,0,2025,0.0,0.0,0.0,0.0,0.0,0.0,0.0,0.0,0.0,0.0,0.0,0.0,0.0,0.0,-10.0,0.0,0.0,0.0,0.0,0.0,0.0,0.9672788,18.5
681146,"Bride, Jonah",2026,124.0,271.0,0.0,-11.990914054737525,0,2025,0.0,0.0,0.0,0.0,0.0,0.0,0.0,0.0,0.0,0.0,0.0,0.0,0.0,0.0,-147.0,0.0,0.0,0.0,0.0,0.0,0.0,4.9610346e-05,383.5
681297,"Cowser, Colton",2026,359.0,559.0,0.0,-4.8782905865058614,0,2025,0.0,0.0,0.0,0.0,0.0,0.0,0.0,0.0,0.0,0.0,0.0,0.0,0.0,0.0,-200.0,0.0,0.0,0.0,0.0,0.0,0.0,0.00012843551,269.0
681351,"O'Hoppe, Logan",2026,451.0,521.0,0.0,1.7968933351665937,0,2025,0.0,0.0,0.0,0.0,0.0,0.0,0.0,0.0,0.0,0.0,0.0,0.0,0.0,0.0,-70.0,0.0,0.0,0.0,0.0,0.0,0.0,0.9694081,1.5
681393,"Norby, Connor",2026,337.0,194.0,0.0,-13.52809532470032,0,2025,0.0,0.0,0.0,0.0,0.0,0.0,0.0,0.0,0.0,0.0,0.0,0.0,0.0,0.0,143.0,0.0,0.0,0.0,0.0,0.0,0.0,8.581076e-05,337.0
681460,"Baldwin, Brooks",2026,328.0,121.0,0.0,10.907650933511826,1,2025,0.0,0.0,0.0,0.0,0.0,0.0,0.0,0.0,0.0,0.0,0.0,0.0,0.0,0.0,207.0,0.0,0.0,0.0,0.0,0.0,0.0,0.9247786,113.0
681481,"Carpenter, Kerry",2026,464.0,295.0,0.0,-7.350943951929048,0,2025,0.0,0.0,0.0,0.0,0.0,0.0,0.0,0.0,0.0,0.0,0.0,0.0,0.0,0.0,169.0,0.0,0.0,0.0,0.0,0.0,0.0,0.0001245481,276.5
681508,"Gasper, Mickey",2026,110.0,,0.0,-2.0831054531234163,0,2025,0.0,0.0,0.0,0.0,0.0,0.0,0.0,0.0,0.0,0.0,0.0,0.0,0.0,0.0,,0.0,0.0,0.0,0.0,0.0,0.0,4.442115e-05,428.0
681546,"Outman, James",2026,148.0,156.0,0.0,7.237887706625833,0,2025,0.0,0.0,0.0,0.0,0.0,0.0,0.0,0.0,0.0,0.0,0.0,0.0,0.0,0.0,-8.0,0.0,0.0,0.0,0.0,0.0,0.0,0.002232491,161.0
681624,"Pages, Andy",2026,624.0,441.0,0.0,-8.723196048731737,0,2025,0.0,0.0,0.0,0.0,0.0,0.0,0.0,0.0,0.0,0.0,0.0,0.0,0.0,0.0,183.0,0.0,0.0,0.0,0.0,0.0,0.0,0.00014061226,246.0
681715,"Hernández, Heriberto",2026,294.0,,0.0,-2.0831054531234163,0,2025,0.0,0.0,0.0,0.0,0.0,0.0,0.0,0.0,0.0,0.0,0.0,0.0,0.0,0.0,,0.0,0.0,0.0,0.0,0.0,0.0,8.624078e-05,329.0
681807,"Fry, David",2026,157.0,388.0,0.0,0.0154209045403916,0,2025,0.0,0.0,0.0,0.0,0.0,0.0,0.0,0.0,0.0,0.0,0.0,0.0,0.0,0.0,-231.0,0.0,0.0,0.0,0.0,0.0,0.0,5.2300074e-05,366.5
681962,"Capra, Vinny",2026,105.0,,0.0,-2.0831054531234163,0,2025,0.0,0.0,0.0,0.0,0.0,0.0,0.0,0.0,0.0,0.0,0.0,0.0,0.0,0.0,,0.0,0.0,0.0,0.0,0.0,0.0,4.442115e-05,428.0
682177,"Schneemann, Daniel",2026,421.0,221.0,0.0,0.4434840463065101,0,2025,0.0,0.0,0.0,0.0,0.0,0.0,0.0,0.0,0.0,0.0,0.0,0.0,0.0,0.0,200.0,0.0,0.0,0.0,0.0,0.0,0.0,8.581076e-05,337.0
682622,"Marte, Noelvi",2026,360.0,242.0,0.0,1.251048840516244,0,2025,0.0,0.0,0.0,0.0,0.0,0.0,0.0,0.0,0.0,0.0,0.0,0.0,0.0,0.0,118.0,0.0,0.0,0.0,0.0,0.0,0.0,0.92714256,108.0
682626,"Alvarez, Francisco",2026,277.0,341.0,0.0,18.52752549736328,1,2025,0.0,0.0,0.0,0.0,0.0,0.0,0.0,0.0,0.0,0.0,0.0,0.0,0.0,0.0,-64.0,0.0,0.0,0.0,0.0,0.0,0.0,0.9299427,106.0
682641,"Matos, Luis",2026,184.0,155.0,0.0,8.531375399843888,0,2025,0.0,0.0,0.0,0.0,0.0,0.0,0.0,0.0,0.0,0.0,0.0,0.0,0.0,0.0,29.0,0.0,0.0,0.0,0.0,0.0,0.0,0.002232491,161.0
682653,"Bernabel, Warming",2026,145.0,,0.0,-2.0831054531234163,0,2025,0.0,0.0,0.0,0.0,0.0,0.0,0.0,0.0,0.0,0.0,0.0,0.0,0.0,0.0,,0.0,0.0,0.0,0.0,0.0,0.0,4.442115e-05,428.0
682657,"Martínez, Angel",2026,484.0,169.0,0.0,-2.9637335975571113,0,2025,0.0,0.0,0.0,0.0,0.0,0.0,0.0,0.0,0.0,0.0,0.0,0.0,0.0,0.0,315.0,0.0,0.0,0.0,0.0,0.0,0.0,0.00011900372,288.5
682663,"Ramírez, Agustín",2026,583.0,,0.0,-2.0831054531234163,0,2025,0.0,0.0,0.0,0.0,0.0,0.0,0.0,0.0,0.0,0.0,0.0,0.0,0.0,0.0,,0.0,0.0,0.0,0.0,0.0,0.0,0.00013331065,257.0
682668,"Acuña, Luisangel",2026,193.0,,0.0,-2.0831054531234163,0,2025,0.0,0.0,0.0,0.0,0.0,0.0,0.0,0.0,0.0,0.0,0.0,0.0,0.0,0.0,,0.0,0.0,0.0,0.0,0.0,0.0,4.442115e-05,428.0
682729,"Clase, Jonatan",2026,112.0,,0.0,-2.0831054531234163,0,2025,0.0,0.0,0.0,0.0,0.0,0.0,0.0,0.0,0.0,0.0,0.0,0.0,0.0,0.0,,0.0,0.0,0.0,0.0,0.0,0.0,4.442115e-05,428.0
682829,"De La Cruz, Elly",2026,689.0,694.0,0.0,-5.68890489105736,0,2025,0.0,0.0,0.0,0.0,0.0,0.0,0.0,0.0,0.0,0.0,0.0,0.0,0.0,0.0,-5.0,0.0,0.0,0.0,0.0,0.0,0.0,0.00020039792,178.5
682928,"Abrams, CJ",2026,634.0,599.0,0.0,-4.413100943658941,0,2025,0.0,0.0,0.0,0.0,0.0,0.0,0.0,0.0,0.0,0.0,0.0,0.0,0.0,0.0,35.0,0.0,0.0,0.0,0.0,0.0,0.0,0.00016664404,227.0
682985,"Greene, Riley",2026,654.0,581.0,0.0,3.1654749702545937,0,2025,0.0,0.0,0.0,0.0,0.0,0.0,0.0,0.0,0.0,0.0,0.0,0.0,0.0,0.0,73.0,0.0,0.0,0.0,0.0,0.0,0.0,0.95999444,50.5
682988,"Locklear, Tyler",2026,116.0,,0.0,-2.0831054531234163,0,2025,0.0,0.0,0.0,0.0,0.0,0.0,0.0,0.0,0.0,0.0,0.0,0.0,0.0,0.0,,0.0,0.0,0.0,0.0,0.0,0.0,4.442115e-05,428.0
682998,"Carroll, Corbin",2026,638.0,684.0,0.0,22.167320572292557,1,2025,0.0,0.0,0.0,0.0,0.0,0.0,0.0,0.0,0.0,0.0,0.0,0.0,0.0,0.0,-46.0,0.0,0.0,0.0,0.0,0.0,0.0,0.9636941,31.5
683002,"Henderson, Gunnar",2026,645.0,716.0,0.0,-8.040488703072741,0,2025,0.0,0.0,0.0,0.0,0.0,0.0,0.0,0.0,0.0,0.0,0.0,0.0,0.0,0.0,-71.0,0.0,0.0,0.0,0.0,0.0,0.0,0.00019682625,190.0
683011,"Volpe, Anthony",2026,596.0,688.0,0.0,11.99854141839833,1,2025,0.0,0.0,0.0,0.0,0.0,0.0,0.0,0.0,0.0,0.0,0.0,0.0,0.0,0.0,-92.0,0.0,0.0,0.0,0.0,0.0,0.0,0.96512014,26.0
683146,"Baty, Brett",2026,432.0,170.0,0.0,16.958415497325664,1,2025,0.0,0.0,0.0,0.0,0.0,0.0,0.0,0.0,0.0,0.0,0.0,0.0,0.0,0.0,262.0,0.0,0.0,0.0,0.0,0.0,0.0,0.9247786,113.0
683227,"Freeman, Cody",2026,121.0,,0.0,-2.0831054531234163,0,2025,0.0,0.0,0.0,0.0,0.0,0.0,0.0,0.0,0.0,0.0,0.0,0.0,0.0,0.0,,0.0,0.0,0.0,0.0,0.0,0.0,4.442115e-05,428.0
683734,"Vaughn, Andrew",2026,447.0,618.0,0.0,1.815822887149815,0,2025,0.0,0.0,0.0,0.0,0.0,0.0,0.0,0.0,0.0,0.0,0.0,0.0,0.0,0.0,-171.0,0.0,0.0,0.0,0.0,0.0,0.0,0.96752596,12.0
683737,"Busch, Michael",2026,590.0,566.0,0.0,7.701176956254197,1,2025,0.0,0.0,0.0,0.0,0.0,0.0,0.0,0.0,0.0,0.0,0.0,0.0,0.0,0.0,24.0,0.0,0.0,0.0,0.0,0.0,0.0,0.96371853,29.0
683766,"Koss, Christian",2026,191.0,,0.0,-2.0831054531234163,0,2025,0.0,0.0,0.0,0.0,0.0,0.0,0.0,0.0,0.0,0.0,0.0,0.0,0.0,0.0,,0.0,0.0,0.0,0.0,0.0,0.0,4.442115e-05,428.0
686217,"Frelick, Sal",2026,594.0,523.0,0.0,14.625315655766965,1,2025,0.0,0.0,0.0,0.0,0.0,0.0,0.0,0.0,0.0,0.0,0.0,0.0,0.0,0.0,71.0,0.0,0.0,0.0,0.0,0.0,0.0,0.9635951,34.0
686469,"Pasquantino, Vinnie",2026,677.0,553.0,0.0,0.0244634873396943,0,2025,0.0,0.0,0.0,0.0,0.0,0.0,0.0,0.0,0.0,0.0,0.0,0.0,0.0,0.0,124.0,0.0,0.0,0.0,0.0,0.0,0.0,0.00016913266,225.0
686527,"Canzone, Dominic",2026,269.0,186.0,0.0,8.488248790885766,1,2025,0.0,0.0,0.0,0.0,0.0,0.0,0.0,0.0,0.0,0.0,0.0,0.0,0.0,0.0,83.0,0.0,0.0,0.0,0.0,0.0,0.0,0.90552676,121.5
686555,"Collins, Isaac",2026,441.0,,0.0,-2.0831054531234163,0,2025,0.0,0.0,0.0,0.0,0.0,0.0,0.0,0.0,0.0,0.0,0.0,0.0,0.0,0.0,,0.0,0.0,0.0,0.0,0.0,0.0,9.789345e-05,303.5
686611,"Crews, Dylan",2026,322.0,132.0,0.0,-6.72925553488547,0,2025,0.0,0.0,0.0,0.0,0.0,0.0,0.0,0.0,0.0,0.0,0.0,0.0,0.0,0.0,190.0,0.0,0.0,0.0,0.0,0.0,0.0,8.581076e-05,337.0
686668,"Doyle, Brenton",2026,538.0,602.0,0.0,-0.7455561623782176,0,2025,0.0,0.0,0.0,0.0,0.0,0.0,0.0,0.0,0.0,0.0,0.0,0.0,0.0,0.0,-64.0,0.0,0.0,0.0,0.0,0.0,0.0,0.0001869618,197.5
686681,"Massey, Michael",2026,277.0,355.0,0.0,-10.300471560885246,0,2025,0.0,0.0,0.0,0.0,0.0,0.0,0.0,0.0,0.0,0.0,0.0,0.0,0.0,0.0,-78.0,0.0,0.0,0.0,0.0,0.0,0.0,9.919179e-05,302.0
686765,"Sogard, Nick",2026,104.0,,0.0,-2.0831054531234163,0,2025,0.0,0.0,0.0,0.0,0.0,0.0,0.0,0.0,0.0,0.0,0.0,0.0,0.0,0.0,,0.0,0.0,0.0,0.0,0.0,0.0,4.442115e-05,428.0
686780,"Pagés, Pedro",2026,388.0,218.0,0.0,-1.2654947563183103,0,2025,0.0,0.0,0.0,0.0,0.0,0.0,0.0,0.0,0.0,0.0,0.0,0.0,0.0,0.0,170.0,0.0,0.0,0.0,0.0,0.0,0.0,8.581076e-05,337.0
686797,"Lee, Brooks",2026,527.0,183.0,0.0,12.599228975896022,1,2025,0.0,0.0,0.0,0.0,0.0,0.0,0.0,0.0,0.0,0.0,0.0,0.0,0.0,0.0,344.0,0.0,0.0,0.0,0.0,0.0,0.0,0.94374675,88.0
686948,"Baldwin, Drake",2026,446.0,,0.0,-2.0831054531234163,0,2025,0.0,0.0,0.0,0.0,0.0,0.0,0.0,0.0,0.0,0.0,0.0,0.0,0.0,0.0,,0.0,0.0,0.0,0.0,0.0,0.0,0.00010777265,292.5
687221,"Rushing, Dalton",2026,155.0,,0.0,-2.0831054531234163,0,2025,0.0,0.0,0.0,0.0,0.0,0.0,0.0,0.0,0.0,0.0,0.0,0.0,0.0,0.0,,0.0,0.0,0.0,0.0,0.0,0.0,4.442115e-05,428.0
687231,"Hernaiz, Darell",2026,197.0,135.0,0.0,0.24745937110071,0,2025,0.0,0.0,0.0,0.0,0.0,0.0,0.0,0.0,0.0,0.0,0.0,0.0,0.0,0.0,62.0,0.0,0.0,0.0,0.0,0.0,0.0,4.351604e-05,460.5
687263,"Neto, Zach",2026,548.0,601.0,0.0,8.65822596971688,1,2025,0.0,0.0,0.0,0.0,0.0,0.0,0.0,0.0,0.0,0.0,0.0,0.0,0.0,0.0,-53.0,0.0,0.0,0.0,0.0,0.0,0.0,0.96751887,14.5
687363,"Scott II, Victor",2026,463.0,155.0,0.0,-11.713486663110237,0,2025,0.0,0.0,0.0,0.0,0.0,0.0,0.0,0.0,0.0,0.0,0.0,0.0,0.0,0.0,308.0,0.0,0.0,0.0,0.0,0.0,0.0,0.00011900372,288.5
687401,"Ortiz, Joey",2026,506.0,511.0,0.0,-14.369791322282826,0,2025,0.0,0.0,0.0,0.0,0.0,0.0,0.0,0.0,0.0,0.0,0.0,0.0,0.0,0.0,-5.0,0.0,0.0,0.0,0.0,0.0,0.0,0.00018278771,205.5
687462,"Horwitz, Spencer",2026,410.0,379.0,0.0,-3.6934892965413777,0,2025,0.0,0.0,0.0,0.0,0.0,0.0,0.0,0.0,0.0,0.0,0.0,0.0,0.0,0.0,31.0,0.0,0.0,0.0,0.0,0.0,0.0,9.563499e-05,306.0
687515,"Thomas, Colby",2026,132.0,,0.0,-2.0831054531234163,0,2025,0.0,0.0,0.0,0.0,0.0,0.0,0.0,0.0,0.0,0.0,0.0,0.0,0.0,0.0,,0.0,0.0,0.0,0.0,0.0,0.0,4.442115e-05,428.0
687551,"Gilbert, Drew",2026,109.0,,0.0,-2.0831054531234163,0,2025,0.0,0.0,0.0,0.0,0.0,0.0,0.0,0.0,0.0,0.0,0.0,0.0,0.0,0.0,,0.0,0.0,0.0,0.0,0.0,0.0,4.442115e-05,428.0
687597,"Beck, Jordan",2026,587.0,183.0,0.0,6.758684865742486,0,2025,0.0,0.0,0.0,0.0,0.0,0.0,0.0,0.0,0.0,0.0,0.0,0.0,0.0,0.0,404.0,0.0,0.0,0.0,0.0,0.0,0.0,0.94091666,95.0
687637,"Beavers, Dylan",2026,137.0,,0.0,-2.0831054531234163,0,2025,0.0,0.0,0.0,0.0,0.0,0.0,0.0,0.0,0.0,0.0,0.0,0.0,0.0,0.0,,0.0,0.0,0.0,0.0,0.0,0.0,4.442115e-05,428.0
687859,"Johnston, Troy",2026,121.0,,0.0,-2.0831054531234163,0,2025,0.0,0.0,0.0,0.0,0.0,0.0,0.0,0.0,0.0,0.0,0.0,0.0,0.0,0.0,,0.0,0.0,0.0,0.0,0.0,0.0,4.442115e-05,428.0
687952,"Encarnacion-Strand, Christian",2026,137.0,123.0,0.0,0.921902516982268,0,2025,0.0,0.0,0.0,0.0,0.0,0.0,0.0,0.0,0.0,0.0,0.0,0.0,0.0,0.0,14.0,0.0,0.0,0.0,0.0,0.0,0.0,0.002232491,161.0
688363,"Pauley, Graham",2026,184.0,,0.0,-2.0831054531234163,0,2025,0.0,0.0,0.0,0.0,0.0,0.0,0.0,0.0,0.0,0.0,0.0,0.0,0.0,0.0,,0.0,0.0,0.0,0.0,0.0,0.0,4.442115e-05,428.0
689414,"Hicks, Liam",2026,390.0,,0.0,-2.0831054531234163,0,2025,0.0,0.0,0.0,0.0,0.0,0.0,0.0,0.0,0.0,0.0,0.0,0.0,0.0,0.0,,0.0,0.0,0.0,0.0,0.0,0.0,8.992142e-05,317.0
690022,"Ritter, Ryan",2026,207.0,,0.0,-2.0831054531234163,0,2025,0.0,0.0,0.0,0.0,0.0,0.0,0.0,0.0,0.0,0.0,0.0,0.0,0.0,0.0,,0.0,0.0,0.0,0.0,0.0,0.0,4.442115e-05,428.0
690924,"Fulford, Braxton",2026,120.0,,0.0,-2.0831054531234163,0,2025,0.0,0.0,0.0,0.0,0.0,0.0,0.0,0.0,0.0,0.0,0.0,0.0,0.0,0.0,,0.0,0.0,0.0,0.0,0.0,0.0,4.442115e-05,428.0
690987,"Hassell III, Robert",2026,206.0,,0.0,-2.0831054531234163,0,2025,0.0,0.0,0.0,0.0,0.0,0.0,0.0,0.0,0.0,0.0,0.0,0.0,0.0,0.0,,0.0,0.0,0.0,0.0,0.0,0.0,4.442115e-05,428.0
690993,"Keith, Colt",2026,467.0,554.0,0.0,10.000753727894006,1,2025,0.0,0.0,0.0,0.0,0.0,0.0,0.0,0.0,0.0,0.0,0.0,0.0,0.0,0.0,-87.0,0.0,0.0,0.0,0.0,0.0,0.0,0.9676407,10.0
691016,"Soderstrom, Tyler",2026,622.0,212.0,0.0,-6.506902986170571,0,2025,0.0,0.0,0.0,0.0,0.0,0.0,0.0,0.0,0.0,0.0,0.0,0.0,0.0,0.0,410.0,0.0,0.0,0.0,0.0,0.0,0.0,0.00012909388,264.0
691019,"Teel, Kyle",2026,297.0,,0.0,-2.0831054531234163,0,2025,0.0,0.0,0.0,0.0,0.0,0.0,0.0,0.0,0.0,0.0,0.0,0.0,0.0,0.0,,0.0,0.0,0.0,0.0,0.0,0.0,8.992142e-05,317.0
691023,"Walker, Jordan",2026,395.0,178.0,0.0,7.307021162383677,1,2025,0.0,0.0,0.0,0.0,0.0,0.0,0.0,0.0,0.0,0.0,0.0,0.0,0.0,0.0,217.0,0.0,0.0,0.0,0.0,0.0,0.0,0.9247786,113.0
691026,"Winn, Masyn",2026,537.0,635.0,0.0,4.205224660685553,0,2025,0.0,0.0,0.0,0.0,0.0,0.0,0.0,0.0,0.0,0.0,0.0,0.0,0.0,0.0,-98.0,0.0,0.0,0.0,0.0,0.0,0.0,0.96854734,6.5
691176,"Domínguez, Jasson",2026,428.0,,0.0,-2.0831054531234163,0,2025,0.0,0.0,0.0,0.0,0.0,0.0,0.0,0.0,0.0,0.0,0.0,0.0,0.0,0.0,,0.0,0.0,0.0,0.0,0.0,0.0,8.992142e-05,317.0
691182,"Amador, Adael",2026,128.0,,0.0,-2.0831054531234163,0,2025,0.0,0.0,0.0,0.0,0.0,0.0,0.0,0.0,0.0,0.0,0.0,0.0,0.0,0.0,,0.0,0.0,0.0,0.0,0.0,0.0,4.442115e-05,428.0
691406,"Caminero, Junior",2026,652.0,175.0,0.0,15.348901347318131,1,2025,0.0,0.0,0.0,0.0,0.0,0.0,0.0,0.0,0.0,0.0,0.0,0.0,0.0,0.0,477.0,0.0,0.0,0.0,0.0,0.0,0.0,0.9364787,97.5
691594,"Sanoja, Javier",2026,342.0,,0.0,-2.0831054531234163,0,2025,0.0,0.0,0.0,0.0,0.0,0.0,0.0,0.0,0.0,0.0,0.0,0.0,0.0,0.0,,0.0,0.0,0.0,0.0,0.0,0.0,8.992142e-05,317.0
691718,"Crow-Armstrong, Pete",2026,646.0,408.0,0.0,12.74649906022766,1,2025,0.0,0.0,0.0,0.0,0.0,0.0,0.0,0.0,0.0,0.0,0.0,0.0,0.0,0.0,238.0,0.0,0.0,0.0,0.0,0.0,0.0,0.95511055,70.0
691720,"Karros, Kyle",2026,156.0,,0.0,-2.0831054531234163,0,2025,0.0,0.0,0.0,0.0,0.0,0.0,0.0,0.0,0.0,0.0,0.0,0.0,0.0,0.0,,0.0,0.0,0.0,0.0,0.0,0.0,4.442115e-05,428.0
691723,"Mayo, Coby",2026,293.0,,0.0,-2.0831054531234163,0,2025,0.0,0.0,0.0,0.0,0.0,0.0,0.0,0.0,0.0,0.0,0.0,0.0,0.0,0.0,,0.0,0.0,0.0,0.0,0.0,0.0,8.624078e-05,329.0
691777,"Muncy, Max",2026,220.0,,0.0,-2.0831054531234163,0,2025,0.0,0.0,0.0,0.0,0.0,0.0,0.0,0.0,0.0,0.0,0.0,0.0,0.0,0.0,,0.0,0.0,0.0,0.0,0.0,0.0,4.442115e-05,428.0
691781,"House, Brady",2026,274.0,,0.0,-2.0831054531234163,0,2025,0.0,0.0,0.0,0.0,0.0,0.0,0.0,0.0,0.0,0.0,0.0,0.0,0.0,0.0,,0.0,0.0,0.0,0.0,0.0,0.0,8.624078e-05,329.0
691785,"Mayer, Marcelo",2026,136.0,,0.0,-2.0831054531234163,0,2025,0.0,0.0,0.0,0.0,0.0,0.0,0.0,0.0,0.0,0.0,0.0,0.0,0.0,0.0,,0.0,0.0,0.0,0.0,0.0,0.0,4.442115e-05,428.0
692216,"Kayfus, C.J.",2026,138.0,,0.0,-2.0831054531234163,0,2025,0.0,0.0,0.0,0.0,0.0,0.0,0.0,0.0,0.0,0.0,0.0,0.0,0.0,0.0,,0.0,0.0,0.0,0.0,0.0,0.0,4.442115e-05,428.0
692225,"Campbell, Kristian",2026,263.0,,0.0,-2.0831054531234163,0,2025,0.0,0.0,0.0,0.0,0.0,0.0,0.0,0.0,0.0,0.0,0.0,0.0,0.0,0.0,,0.0,0.0,0.0,0.0,0.0,0.0,5.0106293e-05,380.0
692585,"Fernández, Yanquiel",2026,147.0,,0.0,-2.0831054531234163,0,2025,0.0,0.0,0.0,0.0,0.0,0.0,0.0,0.0,0.0,0.0,0.0,0.0,0.0,0.0,,0.0,0.0,0.0,0.0,0.0,0.0,4.442115e-05,428.0
693304,"Gonzales, Nick",2026,408.0,386.0,0.0,-5.848613361029331,0,2025,0.0,0.0,0.0,0.0,0.0,0.0,0.0,0.0,0.0,0.0,0.0,0.0,0.0,0.0,22.0,0.0,0.0,0.0,0.0,0.0,0.0,9.921326e-05,299.5
693307,"Dingler, Dillon",2026,467.0,,0.0,-2.0831054531234163,0,2025,0.0,0.0,0.0,0.0,0.0,0.0,0.0,0.0,0.0,0.0,0.0,0.0,0.0,0.0,,0.0,0.0,0.0,0.0,0.0,0.0,0.00012470425,274.0
694192,"Chourio, Jackson",2026,588.0,569.0,0.0,-1.6536498619121662,0,2025,0.0,0.0,0.0,0.0,0.0,0.0,0.0,0.0,0.0,0.0,0.0,0.0,0.0,0.0,19.0,0.0,0.0,0.0,0.0,0.0,0.0,0.00018510463,200.0
694212,"Basallo, Samuel",2026,118.0,,0.0,-2.0831054531234163,0,2025,0.0,0.0,0.0,0.0,0.0,0.0,0.0,0.0,0.0,0.0,0.0,0.0,0.0,0.0,,0.0,0.0,0.0,0.0,0.0,0.0,4.442115e-05,428.0
694374,"Tawa, Tim",2026,225.0,,0.0,-2.0831054531234163,0,2025,0.0,0.0,0.0,0.0,0.0,0.0,0.0,0.0,0.0,0.0,0.0,0.0,0.0,0.0,,0.0,0.0,0.0,0.0,0.0,0.0,4.442115e-05,428.0
694384,"Schanuel, Nolan",2026,560.0,607.0,0.0,4.141814672690735,0,2025,0.0,0.0,0.0,0.0,0.0,0.0,0.0,0.0,0.0,0.0,0.0,0.0,0.0,0.0,-47.0,0.0,0.0,0.0,0.0,0.0,0.0,0.9674723,17.0
694388,"Loperfido, Joey",2026,104.0,262.0,0.0,-3.865544242048629,0,2025,0.0,0.0,0.0,0.0,0.0,0.0,0.0,0.0,0.0,0.0,0.0,0.0,0.0,0.0,-158.0,0.0,0.0,0.0,0.0,0.0,0.0,4.740178e-05,392.0
694497,"Carter, Evan",2026,219.0,162.0,0.0,0.9225295864075864,0,2025,0.0,0.0,0.0,0.0,0.0,0.0,0.0,0.0,0.0,0.0,0.0,0.0,0.0,0.0,57.0,0.0,0.0,0.0,0.0,0.0,0.0,0.0021628744,167.0
694671,"Langford, Wyatt",2026,570.0,554.0,0.0,4.009740711378243,0,2025,0.0,0.0,0.0,0.0,0.0,0.0,0.0,0.0,0.0,0.0,0.0,0.0,0.0,0.0,16.0,0.0,0.0,0.0,0.0,0.0,0.0,0.9672788,18.5
695238,"Wagner, Will",2026,149.0,,0.0,-2.0831054531234163,0,2025,0.0,0.0,0.0,0.0,0.0,0.0,0.0,0.0,0.0,0.0,0.0,0.0,0.0,0.0,,0.0,0.0,0.0,0.0,0.0,0.0,4.442115e-05,428.0
695336,"Saggese, Thomas",2026,294.0,,0.0,-2.0831054531234163,0,2025,0.0,0.0,0.0,0.0,0.0,0.0,0.0,0.0,0.0,0.0,0.0,0.0,0.0,0.0,,0.0,0.0,0.0,0.0,0.0,0.0,8.624078e-05,329.0
695506,"Caglianone, Jac",2026,232.0,,0.0,-2.0831054531234163,0,2025,0.0,0.0,0.0,0.0,0.0,0.0,0.0,0.0,0.0,0.0,0.0,0.0,0.0,0.0,,0.0,0.0,0.0,0.0,0.0,0.0,4.442115e-05,428.0
695578,"Wood, James",2026,681.0,335.0,0.0,9.339256510470246,1,2025,0.0,0.0,0.0,0.0,0.0,0.0,0.0,0.0,0.0,0.0,0.0,0.0,0.0,0.0,346.0,0.0,0.0,0.0,0.0,0.0,0.0,0.9489623,77.5
695657,"Montgomery, Colson",2026,283.0,,0.0,-2.0831054531234163,0,2025,0.0,0.0,0.0,0.0,0.0,0.0,0.0,0.0,0.0,0.0,0.0,0.0,0.0,0.0,,0.0,0.0,0.0,0.0,0.0,0.0,8.624078e-05,329.0
695681,"Moore, Christian",2026,184.0,,0.0,-2.0831054531234163,0,2025,0.0,0.0,0.0,0.0,0.0,0.0,0.0,0.0,0.0,0.0,0.0,0.0,0.0,0.0,,0.0,0.0,0.0,0.0,0.0,0.0,4.442115e-05,428.0
695734,"Lile, Daylen",2026,351.0,,0.0,-2.0831054531234163,0,2025,0.0,0.0,0.0,0.0,0.0,0.0,0.0,0.0,0.0,0.0,0.0,0.0,0.0,0.0,,0.0,0.0,0.0,0.0,0.0,0.0,8.992142e-05,317.0
696030,"Osuna, Alejandro",2026,174.0,,0.0,-2.0831054531234163,0,2025,0.0,0.0,0.0,0.0,0.0,0.0,0.0,0.0,0.0,0.0,0.0,0.0,0.0,0.0,,0.0,0.0,0.0,0.0,0.0,0.0,4.442115e-05,428.0
696100,"Goodman, Hunter",2026,579.0,224.0,0.0,0.4744223706439967,0,2025,0.0,0.0,0.0,0.0,0.0,0.0,0.0,0.0,0.0,0.0,0.0,0.0,0.0,0.0,355.0,0.0,0.0,0.0,0.0,0.0,0.0,0.00012722002,271.0
696285,"Young, Jacob",2026,364.0,521.0,0.0,5.636141130302536,0,2025,0.0,0.0,0.0,0.0,0.0,0.0,0.0,0.0,0.0,0.0,0.0,0.0,0.0,0.0,-157.0,0.0,0.0,0.0,0.0,0.0,0.0,0.95924455,58.0
700242,"Sweeney, Trey",2026,326.0,119.0,0.0,-14.848095083524507,0,2025,0.0,0.0,0.0,0.0,0.0,0.0,0.0,0.0,0.0,0.0,0.0,0.0,0.0,0.0,207.0,0.0,0.0,0.0,0.0,0.0,0.0,8.581076e-05,337.0
700246,"Williams, Carson",2026,105.0,,0.0,-2.0831054531234163,0,2025,0.0,0.0,0.0,0.0,0.0,0.0,0.0,0.0,0.0,0.0,0.0,0.0,0.0,0.0,,0.0,0.0,0.0,0.0,0.0,0.0,4.442115e-05,428.0
700250,"Rice, Ben",2026,530.0,178.0,0.0,7.624568466779493,1,2025,0.0,0.0,0.0,0.0,0.0,0.0,0.0,0.0,0.0,0.0,0.0,0.0,0.0,0.0,352.0,0.0,0.0,0.0,0.0,0.0,0.0,0.94374675,88.0
700337,"Quero, Edgar",2026,403.0,,0.0,-2.0831054531234163,0,2025,0.0,0.0,0.0,0.0,0.0,0.0,0.0,0.0,0.0,0.0,0.0,0.0,0.0,0.0,,0.0,0.0,0.0,0.0,0.0,0.0,8.992142e-05,317.0
700932,"Manzardo, Kyle",2026,529.0,156.0,0.0,1.132364032946836,0,2025,0.0,0.0,0.0,0.0,0.0,0.0,0.0,0.0,0.0,0.0,0.0,0.0,0.0,0.0,373.0,0.0,0.0,0.0,0.0,0.0,0.0,0.94374675,88.0
701305,"Dezenzo, Zach",2026,109.0,,0.0,-2.0831054531234163,0,2025,0.0,0.0,0.0,0.0,0.0,0.0,0.0,0.0,0.0,0.0,0.0,0.0,0.0,0.0,,0.0,0.0,0.0,0.0,0.0,0.0,4.442115e-05,428.0
701350,"Anthony, Roman",2026,303.0,,0.0,-2.0831054531234163,0,2025,0.0,0.0,0.0,0.0,0.0,0.0,0.0,0.0,0.0,0.0,0.0,0.0,0.0,0.0,,0.0,0.0,0.0,0.0,0.0,0.0,8.992142e-05,317.0
701358,"Smith, Cam",2026,493.0,,0.0,-2.0831054531234163,0,2025,0.0,0.0,0.0,0.0,0.0,0.0,0.0,0.0,0.0,0.0,0.0,0.0,0.0,0.0,,0.0,0.0,0.0,0.0,0.0,0.0,0.00012470425,274.0
701538,"Merrill, Jackson",2026,482.0,592.0,0.0,0.3794494664980115,0,2025,0.0,0.0,0.0,0.0,0.0,0.0,0.0,0.0,0.0,0.0,0.0,0.0,0.0,0.0,-110.0,0.0,0.0,0.0,0.0,0.0,0.0,0.00018091817,211.5
701762,"Kurtz, Nick",2026,486.0,,0.0,-2.0831054531234163,0,2025,0.0,0.0,0.0,0.0,0.0,0.0,0.0,0.0,0.0,0.0,0.0,0.0,0.0,0.0,,0.0,0.0,0.0,0.0,0.0,0.0,0.00012470425,274.0
702176,"Roden, Alan",2026,153.0,,0.0,-2.0831054531234163,0,2025,0.0,0.0,0.0,0.0,0.0,0.0,0.0,0.0,0.0,0.0,0.0,0.0,0.0,0.0,,0.0,0.0,0.0,0.0,0.0,0.0,4.442115e-05,428.0
702284,"Young, Cole",2026,256.0,,0.0,-2.0831054531234163,0,2025,0.0,0.0,0.0,0.0,0.0,0.0,0.0,0.0,0.0,0.0,0.0,0.0,0.0,0.0,,0.0,0.0,0.0,0.0,0.0,0.0,5.0420105e-05,379.0
702332,"Durbin, Caleb",2026,506.0,,0.0,-2.0831054531234163,0,2025,0.0,0.0,0.0,0.0,0.0,0.0,0.0,0.0,0.0,0.0,0.0,0.0,0.0,0.0,,0.0,0.0,0.0,0.0,0.0,0.0,0.00012887028,266.0
702616,"Holliday, Jackson",2026,648.0,208.0,0.0,-5.734513581873638,0,2025,0.0,0.0,0.0,0.0,0.0,0.0,0.0,0.0,0.0,0.0,0.0,0.0,0.0,0.0,440.0,0.0,0.0,0.0,0.0,0.0,0.0,0.00012402415,278.0
802415,"Simpson, Chandler",2026,441.0,,0.0,-2.0831054531234163,0,2025,0.0,0.0,0.0,0.0,0.0,0.0,0.0,0.0,0.0,0.0,0.0,0.0,0.0,0.0,,0.0,0.0,0.0,0.0,0.0,0.0,9.789345e-05,303.5
805249,"Kemp, Otto",2026,218.0,,0.0,-2.0831054531234163,0,2025,0.0,0.0,0.0,0.0,0.0,0.0,0.0,0.0,0.0,0.0,0.0,0.0,0.0,0.0,,0.0,0.0,0.0,0.0,0.0,0.0,4.442115e-05,428.0
805300,"Marsee, Jakob",2026,234.0,,0.0,-2.0831054531234163,0,2025,0.0,0.0,0.0,0.0,0.0,0.0,0.0,0.0,0.0,0.0,0.0,0.0,0.0,0.0,,0.0,0.0,0.0,0.0,0.0,0.0,4.442115e-05,428.0
805367,"Meidroth, Chase",2026,505.0,,0.0,-2.0831054531234163,0,2025,0.0,0.0,0.0,0.0,0.0,0.0,0.0,0.0,0.0,0.0,0.0,0.0,0.0,0.0,,0.0,0.0,0.0,0.0,0.0,0.0,0.00012887028,266.0
805373,"Alvarez Jr., Nacho",2026,208.0,,0.0,-2.0831054531234163,0,2025,0.0,0.0,0.0,0.0,0.0,0.0,0.0,0.0,0.0,0.0,0.0,0.0,0.0,0.0,,0.0,0.0,0.0,0.0,0.0,0.0,4.442115e-05,428.0
805779,"Wilson, Jacob",2026,522.0,103.0,0.0,-1.8494057982080871,0,2025,0.0,0.0,0.0,0.0,0.0,0.0,0.0,0.0,0.0,0.0,0.0,0.0,0.0,0.0,419.0,0.0,0.0,0.0,0.0,0.0,0.0,0.00012061881,282.0
807712,"Keaschall, Luke",2026,207.0,,0.0,-2.0831054531234163,0,2025,0.0,0.0,0.0,0.0,0.0,0.0,0.0,0.0,0.0,0.0,0.0,0.0,0.0,0.0,,0.0,0.0,0.0,0.0,0.0,0.0,4.442115e-05,428.0
807713,"Shaw, Matt",2026,437.0,,0.0,-2.0831054531234163,0,2025,0.0,0.0,0.0,0.0,0.0,0.0,0.0,0.0,0.0,0.0,0.0,0.0,0.0,0.0,,0.0,0.0,0.0,0.0,0.0,0.0,8.992142e-05,317.0
807799,"Yoshida, Masataka",2026,205.0,421.0,0.0,3.6591280952822474,0,2025,0.0,0.0,0.0,0.0,0.0,0.0,0.0,0.0,0.0,0.0,0.0,0.0,0.0,0.0,-216.0,0.0,0.0,0.0,0.0,0.0,0.0,0.0031971282,137.0
808975,"Kim, Hyeseong",2026,170.0,,0.0,-2.0831054531234163,0,2025,0.0,0.0,0.0,0.0,0.0,0.0,0.0,0.0,0.0,0.0,0.0,0.0,0.0,0.0,,0.0,0.0,0.0,0.0,0.0,0.0,4.442115e-05,428.0
808982,"Lee, Jung Hoo",2026,616.0,158.0,0.0,-10.976172779716393,0,2025,0.0,0.0,0.0,0.0,0.0,0.0,0.0,0.0,0.0,0.0,0.0,0.0,0.0,0.0,458.0,0.0,0.0,0.0,0.0,0.0,0.0,0.00012284714,279.0
810938,"Williamson, Ben",2026,295.0,,0.0,-2.0831054531234163,0,2025,0.0,0.0,0.0,0.0,0.0,0.0,0.0,0.0,0.0,0.0,0.0,0.0,0.0,0.0,,0.0,0.0,0.0,0.0,0.0,0.0,8.992142e-05,317.0
